genus.sp,roots,tubers,rhizomes,non-geophyte
Solanum_abutiloides,nongeophyte,0,0,1
Solanum_anisocladum,nongeophyte,0,0,1
Solanum_appressum,nongeophyte,0,0,1
Solanum_argenteum,nongeophyte,0,0,1
Solanum_armentalis,nongeophyte,0,0,1
Solanum_asperum,nongeophyte,0,0,1
Solanum_atitlanum,nongeophyte,0,0,1
Solanum_axillifolium,nongeophyte,0,0,1
Solanum_bicolor,nongeophyte,0,0,1
Solanum_brevipedicellatum,nongeophyte,0,0,1
Solanum_bullatum,nongeophyte,0,0,1
Solanum_caelicolum,nongeophyte,0,0,1
Solanum_caldense,nongeophyte,0,0,1
Solanum_capoerum,nongeophyte,0,0,1
Solanum_carautae,nongeophyte,0,0,1
Solanum_castaneum,nongeophyte,0,0,1
Solanum_celsum,nongeophyte,0,0,1
Solanum_cernuum,nongeophyte,0,0,1
Solanum_chiapasense,nongeophyte,0,0,1
Solanum_cinnamomeum,nongeophyte,0,0,1
Solanum_cladotrichum,nongeophyte,0,0,1
Solanum_clathratum,nongeophyte,0,0,1
Solanum_concinnum,nongeophyte,0,0,1
Solanum_conglobatum,nongeophyte,0,0,1
Solanum_cordovense,nongeophyte,0,0,1
Solanum_davidsei,nongeophyte,0,0,1
Solanum_didymum,nongeophyte,0,0,1
Solanum_dillonii,nongeophyte,0,0,1
Solanum_distichophyllum,nongeophyte,0,0,1
Solanum_erianthum,nongeophyte,0,0,1
Solanum_goodspeedii,nongeophyte,0,0,1
Solanum_granuloso-leprosum,nongeophyte,0,0,1
Solanum_hazenii,nongeophyte,0,0,1
Solanum_hirtellum,nongeophyte,0,0,1
Solanum_hoffmanseggii,nongeophyte,0,0,1
Solanum_iltisii,nongeophyte,0,0,1
Solanum_inelegans,nongeophyte,0,0,1
Solanum_isodynamum,nongeophyte,0,0,1
Solanum_itatiaiae,nongeophyte,0,0,1
Solanum_julocrotonoides,nongeophyte,0,0,1
Solanum_lacerdae,nongeophyte,0,0,1
Solanum_lantana,nongeophyte,0,0,1
Solanum_leontopodium,nongeophyte,0,0,1
Solanum_lepidotum,nongeophyte,0,0,1
Solanum_leucodendron,nongeophyte,0,0,1
Solanum_martii,nongeophyte,0,0,1
Solanum_mauritianum,nongeophyte,0,0,1
Solanum_megalochiton,nongeophyte,0,0,1
Solanum_murinum,nongeophyte,0,0,1
Solanum_myosotis,nongeophyte,0,0,1
Solanum_oliveirae,nongeophyte,0,0,1
Solanum_oxapampense,nongeophyte,0,0,1
Solanum_pachimatium,nongeophyte,0,0,1
Solanum_paranense,nongeophyte,0,0,1
Solanum_pereirae,nongeophyte,0,0,1
Solanum_placitum,nongeophyte,0,0,1
Solanum_plumense,nongeophyte,0,0,1
Solanum_pulverulentifolium,nongeophyte,0,0,1
Solanum_punctulatum,nongeophyte,0,0,1
Solanum_ramulosum,nongeophyte,0,0,1
Solanum_riparium,nongeophyte,0,0,1
Solanum_rufescens,nongeophyte,0,0,1
Solanum_rugosum,nongeophyte,0,0,1
Solanum_saltiense,nongeophyte,0,0,1
Solanum_sambuciflorum,nongeophyte,0,0,1
Solanum_sanctaecatharinae,nongeophyte,0,0,1
Solanum_schlechtendalianum,nongeophyte,0,0,1
Solanum_schwackei,nongeophyte,0,0,1
Solanum_selachophyllum,nongeophyte,0,0,1
Solanum_sellovianum,nongeophyte,0,0,1
Solanum_sellowii,nongeophyte,0,0,1
Solanum_semotum,nongeophyte,0,0,1
Solanum_solum,nongeophyte,0,0,1
Solanum_sooretamum,nongeophyte,0,0,1
Solanum_steyermarkii,nongeophyte,0,0,1
Solanum_stipulaceum,nongeophyte,0,0,1
Solanum_subsylvestre,nongeophyte,0,0,1
Solanum_swartzianum,nongeophyte,0,0,1
Solanum_trachycyphum,nongeophyte,0,0,1
Solanum_umbellatum,nongeophyte,0,0,1
Solanum_umbratile,nongeophyte,0,0,1
Solanum_vellozianum,nongeophyte,0,0,1
Solanum_velutissimum,nongeophyte,0,0,1
Solanum_verecundum,nongeophyte,0,0,1
Solanum_adscendens,nongeophyte,0,0,1
Solanum_deflexum,rhizomatous,0,1,0
Solanum_evolvuloides,nongeophyte,0,0,1
Solanum_lignescens,nongeophyte,0,0,1
Solanum_manabiense,rhizomatous,0,1,0
Solanum_olympicum,rhizomatous,0,1,0
Solanum_turneroides,rhizomatous,0,1,0
Solanum_bradei,nongeophyte,0,0,1
Solanum_friburgense,rhizomatous,0,1,0
Solanum_inornatum,rhizomatous,0,1,0
Solanum_kriegeri,nongeophyte,0,0,1
Solanum_refractifolium,nongeophyte,0,0,1
Solanum_trachytrichium,nongeophyte,0,0,1
Solanum_apiahyense,rhizomatous,0,1,0
Solanum_sanctae-catharinae,nongeophyte,0,0,1
Solanum_amotapense,nongeophyte,0,0,1
Solanum_confusum,nongeophyte,0,0,1
Solanum_glaucophyllum,rhizomatous,0,1,0
Solanum_hibernum,nongeophyte,0,0,1
Solanum_hutchisonii,nongeophyte,0,0,1
Solanum_luridifuscescens,nongeophyte,0,0,1
Solanum_luteoalbum,nongeophyte,0,0,1
Solanum_maranguapense,nongeophyte,0,0,1
Solanum_matadori,nongeophyte,0,0,1
Solanum_stuckertii,nongeophyte,0,0,1
Solanum_betaceum,nongeophyte,0,0,1
Solanum_cacosmum,nongeophyte,0,0,1
Solanum_cajanumense,nongeophyte,0,0,1
Solanum_calidum,nongeophyte,0,0,1
Solanum_corymbiflorum,nongeophyte,0,0,1
Solanum_cylindricum,nongeophyte,0,0,1
Solanum_diploconos,nongeophyte,0,0,1
Solanum_diversifolium,nongeophyte,0,0,1
Solanum_endopogon,nongeophyte,0,0,1
Solanum_exiguum,nongeophyte,0,0,1
Solanum_fallax,nongeophyte,0,0,1
Solanum_fortunense,nongeophyte,0,0,1
Solanum_fusiforme,nongeophyte,0,0,1
Solanum_huilense,nongeophyte,0,0,1
Solanum_latiflorum,nongeophyte,0,0,1
Solanum_maternum,nongeophyte,0,0,1
Solanum_melissarum,nongeophyte,0,0,1
Solanum_obliquum,nongeophyte,0,0,1
Solanum_occultum,nongeophyte,0,0,1
Solanum_ovum-fringillae,nongeophyte,0,0,1
Solanum_oxyphyllum,nongeophyte,0,0,1
Solanum_paralum,nongeophyte,0,0,1
Solanum_pelagicum,nongeophyte,0,0,1
Solanum_pendulum,nongeophyte,0,0,1
Solanum_pinetorum,nongeophyte,0,0,1
Solanum_premnifolium,nongeophyte,0,0,1
Solanum_proteanthum,nongeophyte,0,0,1
Solanum_rojasianum,nongeophyte,0,0,1
Solanum_roseum,nongeophyte,0,0,1
Solanum_sciadostylis,nongeophyte,0,0,1
Solanum_sibundoyense,nongeophyte,0,0,1
Solanum_splendens,nongeophyte,0,0,1
Solanum_sycocarpum,nongeophyte,0,0,1
Solanum_tegore,nongeophyte,0,0,1
Solanum_tenuisetosum,nongeophyte,0,0,1
Solanum_tobagense,nongeophyte,0,0,1
Solanum_unilobum,nongeophyte,0,0,1
Solanum_zumbense,nongeophyte,0,0,1
Solanum_graveolens,nongeophyte,0,0,1
Solanum_agnoston,nongeophyte,0,0,1
Solanum_aligerum,nongeophyte,0,0,1
Solanum_amygdalifolium,nongeophyte,0,0,1
Solanum_angustifidum,nongeophyte,0,0,1
Solanum_aspersum,nongeophyte,0,0,1
Solanum_aureum,nongeophyte,0,0,1
Solanum_boldoense,nongeophyte,0,0,1
Solanum_calileguae,nongeophyte,0,0,1
Solanum_coalitum,nongeophyte,0,0,1
Solanum_crispum,nongeophyte,0,0,1
Solanum_cutervanum,nongeophyte,0,0,1
Solanum_dichroandrum,nongeophyte,0,0,1
Solanum_dulcamara,rhizomatous,0,1,0
Solanum_dulcamaroides,nongeophyte,0,0,1
Solanum_endoadenium,nongeophyte,0,0,1
Solanum_flaccidum,nongeophyte,0,0,1
Solanum_imbaburense,nongeophyte,0,0,1
Solanum_inodorum,nongeophyte,0,0,1
Solanum_kulliwaita,nongeophyte,0,0,1
Solanum_laxum,nongeophyte,0,0,1
Solanum_leiophyllum,nongeophyte,0,0,1
Solanum_luculentum,nongeophyte,0,0,1
Solanum_lyratum,nongeophyte,0,0,1
Solanum_macbridei,nongeophyte,0,0,1
Solanum_muenscheri,nongeophyte,0,0,1
Solanum_nitidum,nongeophyte,0,0,1
Solanum_odoriferum,nongeophyte,0,0,1
Solanum_orbignianum,nongeophyte,0,0,1
Solanum_pittosporifolium,nongeophyte,0,0,1
Solanum_pubigerum,nongeophyte,0,0,1
Solanum_pyrifolium,nongeophyte,0,0,1
Solanum_ruizii,nongeophyte,0,0,1
Solanum_sanchez-vegae,nongeophyte,0,0,1
Solanum_seaforthianum,nongeophyte,0,0,1
Solanum_septemlobum,nongeophyte,0,0,1
Solanum_sousae,nongeophyte,0,0,1
Solanum_stenophyllum,nongeophyte,0,0,1
Solanum_storkii,nongeophyte,0,0,1
Solanum_triquetrum,nongeophyte,0,0,1
Solanum_umbelliferum,nongeophyte,0,0,1
Solanum_uncinellum,nongeophyte,0,0,1
Solanum_viscosissimum,nongeophyte,0,0,1
Solanum_wallacei,nongeophyte,0,0,1
Solanum_×procurrens,nongeophyte,0,0,1
Solanum_albescens,nongeophyte,0,0,1
Solanum_alliariifolium,nongeophyte,0,0,1
Solanum_aloysiifolium,nongeophyte,0,0,1
Solanum_alpinum,nongeophyte,0,0,1
Solanum_americanum,nongeophyte,0,0,1
Solanum_annuum,nongeophyte,0,0,1
Solanum_antisuyo,nongeophyte,0,0,1
Solanum_arenicola,nongeophyte,0,0,1
Solanum_arequipense,nongeophyte,0,0,1
Solanum_atriplicifolium,nongeophyte,0,0,1
Solanum_caatingae,nongeophyte,0,0,1
Solanum_caesium,nongeophyte,0,0,1
Solanum_chenopodioides,nongeophyte,0,0,1
Solanum_cochabambense,nongeophyte,0,0,1
Solanum_concarense,rhizomatous,0,1,0
Solanum_corymbosum,nongeophyte,0,0,1
Solanum_dianthum,nongeophyte,0,0,1
Solanum_douglasii,nongeophyte,0,0,1
Solanum_echegarayi,rhizomatous,0,1,0
Solanum_emulans,nongeophyte,0,0,1
Solanum_enantiophyllanthum,nongeophyte,0,0,1
Solanum_fiebrigii,nongeophyte,0,0,1
Solanum_fragile,nongeophyte,0,0,1
Solanum_furcatum,nongeophyte,0,0,1
Solanum_gilioides,nongeophyte,0,0,1
Solanum_glandulosipilosum,nongeophyte,0,0,1
Solanum_gonocladum,nongeophyte,0,0,1
Solanum_grandidentatum,nongeophyte,0,0,1
Solanum_hirtulum,nongeophyte,0,0,1
Solanum_huayavillense,nongeophyte,0,0,1
Solanum_hunzikeri,nongeophyte,0,0,1
Solanum_interandinum,nongeophyte,0,0,1
Solanum_interius,nongeophyte,0,0,1
Solanum_juninense,nongeophyte,0,0,1
Solanum_leptocaulon,nongeophyte,0,0,1
Solanum_longifilamentum,nongeophyte,0,0,1
Solanum_macrotonum,nongeophyte,0,0,1
Solanum_marmoratum,nongeophyte,0,0,1
Solanum_memphiticum,nongeophyte,0,0,1
Solanum_michaelis,nongeophyte,0,0,1
Solanum_nigrescens,nongeophyte,0,0,1
Solanum_nigrum,nongeophyte,0,0,1
Solanum_nitidibaccatum,nongeophyte,0,0,1
Solanum_opacum,nongeophyte,0,0,1
Solanum_palitans,nongeophyte,0,0,1
Solanum_pallidum,nongeophyte,0,0,1
Solanum_paucidens,nongeophyte,0,0,1
Solanum_pentlandii,nongeophyte,0,0,1
Solanum_physalidicalyx,nongeophyte,0,0,1
Solanum_physalifolium,nongeophyte,0,0,1
Solanum_pilcomayense,nongeophyte,0,0,1
Solanum_polytrichostylum,nongeophyte,0,0,1
Solanum_probolospermum,nongeophyte,0,0,1
Solanum_profusum,nongeophyte,0,0,1
Solanum_pruinosum,nongeophyte,0,0,1
Solanum_pseudoamericanum,nongeophyte,0,0,1
Solanum_pseudogracile,nongeophyte,0,0,1
Solanum_pseudospinosum,nongeophyte,0,0,1
Solanum_pygmaeum,rhizomatous,0,1,0
Solanum_radicans,nongeophyte,0,0,1
Solanum_retroflexum,nongeophyte,0,0,1
Solanum_rhizomatum,rhizomatous,0,1,0
Solanum_riojense,rhizomatous,0,1,0
Solanum_salamancae,nongeophyte,0,0,1
Solanum_salicifolium,nongeophyte,0,0,1
Solanum_sarrachoides,nongeophyte,0,0,1
Solanum_scabrum,nongeophyte,0,0,1
Solanum_sinuatiexcisum,nongeophyte,0,0,1
Solanum_sinuatirecurvum,rhizomatous,0,1,0
Solanum_subtusviolaceum,nongeophyte,0,0,1
Solanum_tarderemotum,nongeophyte,0,0,1
Solanum_tiinae,nongeophyte,0,0,1
Solanum_triflorum,nongeophyte,0,0,1
Solanum_tripartitum,nongeophyte,0,0,1
Solanum_tweedieanum,nongeophyte,0,0,1
Solanum_umalilaense,nongeophyte,0,0,1
Solanum_villosum,nongeophyte,0,0,1
Solanum_weddellii,nongeophyte,0,0,1
Solanum_woodii,nongeophyte,0,0,1
Solanum_zuloagae,nongeophyte,0,0,1
Solanum_abitaguense,nongeophyte,0,0,1
Solanum_acuminatum,nongeophyte,0,0,1
Solanum_alatirameum,nongeophyte,0,0,1
Solanum_amblophyllum,nongeophyte,0,0,1
Solanum_amnicola,nongeophyte,0,0,1
Solanum_amorimii,nongeophyte,0,0,1
Solanum_anisophyllum,nongeophyte,0,0,1
Solanum_aphyodendron,nongeophyte,0,0,1
Solanum_arboreum,rhizomatous,0,1,0
Solanum_arenarium,nongeophyte,0,0,1
Solanum_argentinum,rhizomatous,0,1,0
Solanum_bahianum,nongeophyte,0,0,1
Solanum_barbulatum,nongeophyte,0,0,1
Solanum_bellum,nongeophyte,0,0,1
Solanum_caavurana,nongeophyte,0,0,1
Solanum_callianthum,nongeophyte,0,0,1
Solanum_campaniforme,nongeophyte,0,0,1
Solanum_canoasense,nongeophyte,0,0,1
Solanum_capillipes,nongeophyte,0,0,1
Solanum_cassioides,nongeophyte,0,0,1
Solanum_chalmersii,nongeophyte,0,0,1
Solanum_chlamydogynum,nongeophyte,0,0,1
Solanum_clivorum,nongeophyte,0,0,1
Solanum_compressum,nongeophyte,0,0,1
Solanum_confertiseriatum,nongeophyte,0,0,1
Solanum_confine,nongeophyte,0,0,1
Solanum_cordioides,nongeophyte,0,0,1
Solanum_cornifolium,nongeophyte,0,0,1
Solanum_corumbense,nongeophyte,0,0,1
Solanum_cruciferum,nongeophyte,0,0,1
Solanum_cucullatum,nongeophyte,0,0,1
Solanum_cyclophyllum,nongeophyte,0,0,1
Solanum_daphnophyllum,nongeophyte,0,0,1
Solanum_darienense,nongeophyte,0,0,1
Solanum_dasyneuron,nongeophyte,0,0,1
Solanum_deflexiflorum,nongeophyte,0,0,1
Solanum_delicatulum,rhizomatous,0,1,0
Solanum_diphyllum,nongeophyte,0,0,1
Solanum_dissimile,nongeophyte,0,0,1
Solanum_dolosum,nongeophyte,0,0,1
Solanum_elvasioides,nongeophyte,0,0,1
Solanum_erosomarginatum,nongeophyte,0,0,1
Solanum_evonymoides,nongeophyte,0,0,1
Solanum_falconense,nongeophyte,0,0,1
Solanum_filirhachis,nongeophyte,0,0,1
Solanum_foetens,nongeophyte,0,0,1
Solanum_gertii,nongeophyte,0,0,1
Solanum_gnaphalocarpon,nongeophyte,0,0,1
Solanum_goniocaulon,nongeophyte,0,0,1
Solanum_gonyrhachis,nongeophyte,0,0,1
Solanum_gratum,nongeophyte,0,0,1
Solanum_habrocaulon,nongeophyte,0,0,1
Solanum_heleonastes,nongeophyte,0,0,1
Solanum_humboldtianum,nongeophyte,0,0,1
Solanum_hypaleurotrichum,nongeophyte,0,0,1
Solanum_hypocalycosarcum,nongeophyte,0,0,1
Solanum_imberbe,nongeophyte,0,0,1
Solanum_incomptum,nongeophyte,0,0,1
Solanum_intermedium,nongeophyte,0,0,1
Solanum_irregulare,nongeophyte,0,0,1
Solanum_kleinii,nongeophyte,0,0,1
Solanum_knappiae,nongeophyte,0,0,1
Solanum_lacteum,nongeophyte,0,0,1
Solanum_laevigatum,nongeophyte,0,0,1
Solanum_lagoense,nongeophyte,0,0,1
Solanum_lasiocladum,nongeophyte,0,0,1
Solanum_lasiopodium,nongeophyte,0,0,1
Solanum_laurifrons,nongeophyte,0,0,1
Solanum_leptopodum,nongeophyte,0,0,1
Solanum_leptorhachis,nongeophyte,0,0,1
Solanum_leucocarpon,nongeophyte,0,0,1
Solanum_lindenii,nongeophyte,0,0,1
Solanum_longevirgatum,nongeophyte,0,0,1
Solanum_lucens,nongeophyte,0,0,1
Solanum_malacothrix,nongeophyte,0,0,1
Solanum_malletii,nongeophyte,0,0,1
Solanum_mapiricum,nongeophyte,0,0,1
Solanum_marantifolium,nongeophyte,0,0,1
Solanum_maturecalvans,nongeophyte,0,0,1
Solanum_microleprodes,nongeophyte,0,0,1
Solanum_monadelphum,nongeophyte,0,0,1
Solanum_monanthemon,nongeophyte,0,0,1
Solanum_morii,nongeophyte,0,0,1
Solanum_narcoticosmum,nongeophyte,0,0,1
Solanum_naucinum,nongeophyte,0,0,1
Solanum_nematorhachis,nongeophyte,0,0,1
Solanum_nigricans,nongeophyte,0,0,1
Solanum_nudum,nongeophyte,0,0,1
Solanum_nutans,nongeophyte,0,0,1
Solanum_oblongifolium,nongeophyte,0,0,1
Solanum_oblongum,nongeophyte,0,0,1
Solanum_obovalifolium,nongeophyte,0,0,1
Solanum_ochrophyllum,nongeophyte,0,0,1
Solanum_ombrophilum,nongeophyte,0,0,1
Solanum_oppositifolium,nongeophyte,0,0,1
Solanum_pabstii,nongeophyte,0,0,1
Solanum_palmillae,nongeophyte,0,0,1
Solanum_pastillum,nongeophyte,0,0,1
Solanum_pertenue,nongeophyte,0,0,1
Solanum_platycypellon,nongeophyte,0,0,1
Solanum_plowmanii,nongeophyte,0,0,1
Solanum_pseudocapsicum,nongeophyte,0,0,1
Solanum_pseudodaphnopsis,nongeophyte,0,0,1
Solanum_pseudoquina,nongeophyte,0,0,1
Solanum_psilophyllum,rhizomatous,0,1,0
Solanum_psychotrioides,nongeophyte,0,0,1
Solanum_quebradense,nongeophyte,0,0,1
Solanum_ramonense,nongeophyte,0,0,1
Solanum_reitzii,nongeophyte,0,0,1
Solanum_restingae,nongeophyte,0,0,1
Solanum_ripense,nongeophyte,0,0,1
Solanum_roblense,nongeophyte,0,0,1
Solanum_robustifrons,rhizomatous,0,1,0
Solanum_rovirosanum,nongeophyte,0,0,1
Solanum_sagittantherum,rhizomatous,0,1,0
Solanum_santosii,nongeophyte,0,0,1
Solanum_sessile,nongeophyte,0,0,1
Solanum_sieberi,nongeophyte,0,0,1
Solanum_smithii,nongeophyte,0,0,1
Solanum_sotobosquense,nongeophyte,0,0,1
Solanum_spirale,nongeophyte,0,0,1
Solanum_spissifolium,nongeophyte,0,0,1
Solanum_stipulatum,nongeophyte,0,0,1
Solanum_sumacaspi,nongeophyte,0,0,1
Solanum_superbum,nongeophyte,0,0,1
Solanum_symmetricum,nongeophyte,0,0,1
Solanum_tanysepalum,nongeophyte,0,0,1
Solanum_tenuiflagellatum,nongeophyte,0,0,1
Solanum_tepuiense,nongeophyte,0,0,1
Solanum_tovarii,nongeophyte,0,0,1
Solanum_trichoneuron,nongeophyte,0,0,1
Solanum_triplinervium,nongeophyte,0,0,1
Solanum_triste,nongeophyte,0,0,1
Solanum_tuerckheimii,nongeophyte,0,0,1
Solanum_tunariense,nongeophyte,0,0,1
Solanum_turgidum,nongeophyte,0,0,1
Solanum_unifoliatum,nongeophyte,0,0,1
Solanum_vacciniiflorum,nongeophyte,0,0,1
Solanum_valerianum,nongeophyte,0,0,1
Solanum_validinervium,nongeophyte,0,0,1
Solanum_venosum,nongeophyte,0,0,1
Solanum_verticillatum,nongeophyte,0,0,1
Solanum_warmingii,nongeophyte,0,0,1
Solanum_xanthophaeum,nongeophyte,0,0,1
Solanum_yanamonense,nongeophyte,0,0,1
Solanum_youngii,nongeophyte,0,0,1
Solanum_acropterum,nongeophyte,0,0,1
Solanum_conocarpum,nongeophyte,0,0,1
Solanum_havanense,nongeophyte,0,0,1
Solanum_troyanum,nongeophyte,0,0,1
Solanum_delitescens,nongeophyte,0,0,1
Solanum_reductum,rhizomatous,0,1,0
Solanum_acerifolium,nongeophyte,0,0,1
Solanum_aculeatissimum,nongeophyte,0,0,1
Solanum_affine,nongeophyte,0,0,1
Solanum_capsicoides,nongeophyte,0,0,1
Solanum_chaetophorum,nongeophyte,0,0,1
Solanum_incarceratum,nongeophyte,0,0,1
Solanum_lhotskyanum,nongeophyte,0,0,1
Solanum_mammosum,nongeophyte,0,0,1
Solanum_myriacanthum,nongeophyte,0,0,1
Solanum_neei,nongeophyte,0,0,1
Solanum_palinacanthum,rhizomatous,0,1,0
Solanum_platense,nongeophyte,0,0,1
Solanum_savannarum,nongeophyte,0,0,1
Solanum_setosissimum,nongeophyte,0,0,1
Solanum_tenuispinum,nongeophyte,0,0,1
Solanum_tenuissimum,nongeophyte,0,0,1
Solanum_vaillantii,nongeophyte,0,0,1
Solanum_viarum,nongeophyte,0,0,1
Solanum_anoacanthum,nongeophyte,0,0,1
Solanum_aparadense,nongeophyte,0,0,1
Solanum_atropurpureum,nongeophyte,0,0,1
Solanum_citrinum,nongeophyte,0,0,1
Solanum_citrullifolium,nongeophyte,0,0,1
Solanum_cordicitum,nongeophyte,0,0,1
Solanum_davisense,nongeophyte,0,0,1
Solanum_fructu-tecto,nongeophyte,0,0,1
Solanum_grayi,nongeophyte,0,0,1
Solanum_heterodoxum,nongeophyte,0,0,1
Solanum_johnstonii,rhizomatous,0,1,0
Solanum_knoblochii,nongeophyte,0,0,1
Solanum_leucandrum,nongeophyte,0,0,1
Solanum_lumholtzianum,nongeophyte,0,0,1
Solanum_novomexicanum,nongeophyte,0,0,1
Solanum_rostratum,nongeophyte,0,0,1
Solanum_setigeroides,nongeophyte,0,0,1
Solanum_tenuipes,rhizomatous,0,1,0
Solanum_tribulosum,rhizomatous,0,1,0
Solanum_angustifolium,nongeophyte,0,0,1
Solanum_asterophorum,tuberous,1,0,0
Solanum_igniferum,tuberous,1,0,0
Solanum_piluliferum,tuberous,1,0,0
Solanum_sessiliantherum,tuberous,1,0,0
Solanum_tetricum,nongeophyte,0,0,1
Solanum_ensifolium,nongeophyte,0,0,1
Solanum_polyacanthos,nongeophyte,0,0,1
Solanum_bahamense,nongeophyte,0,0,1
Solanum_carolinense,rhizomatous,0,1,0
Solanum_chamaeacanthum,nongeophyte,0,0,1
Solanum_comptum,rhizomatous,0,1,0
Solanum_dimidiatum,rhizomatous,0,1,0
Solanum_juvenale,tuberous,1,0,0
Solanum_moxosense,nongeophyte,0,0,1
Solanum_perplexum,nongeophyte,0,0,1
Solanum_pumilum,nongeophyte,0,0,1
Solanum_reineckii,nongeophyte,0,0,1
Solanum_hieronymi,tuberous,1,0,0
Solanum_aridum,tuberous,1,0,0
Solanum_flagellare,nongeophyte,0,0,1
Solanum_acanthodes,nongeophyte,0,0,1
Solanum_adenobasis,nongeophyte,0,0,1
Solanum_altissimum,nongeophyte,0,0,1
Solanum_coriaceum,nongeophyte,0,0,1
Solanum_crinitum,nongeophyte,0,0,1
Solanum_cyathophorum,nongeophyte,0,0,1
Solanum_falciforme,nongeophyte,0,0,1
Solanum_gomphodes,nongeophyte,0,0,1
Solanum_grandiflorum,nongeophyte,0,0,1
Solanum_kioniotrichum,nongeophyte,0,0,1
Solanum_leptostachys,nongeophyte,0,0,1
Solanum_lycocarpum,nongeophyte,0,0,1
Solanum_medusae,nongeophyte,0,0,1
Solanum_mellobarretoi,nongeophyte,0,0,1
Solanum_mitlense,nongeophyte,0,0,1
Solanum_oocarpum,nongeophyte,0,0,1
Solanum_pseudosycophanta,nongeophyte,0,0,1
Solanum_quaesitum,nongeophyte,0,0,1
Solanum_sendtnerianum,nongeophyte,0,0,1
Solanum_sycophanta,nongeophyte,0,0,1
Solanum_urticans,nongeophyte,0,0,1
Solanum_wrightii,nongeophyte,0,0,1
Solanum_tricuspidatum,nongeophyte,0,0,1
Solanum_crotonoides,nongeophyte,0,0,1
Solanum_dendroicum,nongeophyte,0,0,1
Solanum_woodburyi,nongeophyte,0,0,1
Solanum_aldabrense,nongeophyte,0,0,1
Solanum_anguivi,nongeophyte,0,0,1
Solanum_aureitomentosum,nongeophyte,0,0,1
Solanum_lidii,nongeophyte,0,0,1
Solanum_platacanthum,nongeophyte,0,0,1
Solanum_vespertilio,nongeophyte,0,0,1
Solanum_aculeastrum,nongeophyte,0,0,1
Solanum_adoense,nongeophyte,0,0,1
Solanum_aethiopicum,nongeophyte,0,0,1
Solanum_agnewiorum,nongeophyte,0,0,1
Solanum_cymbalariifolium,nongeophyte,0,0,1
Solanum_forskalii,nongeophyte,0,0,1
Solanum_litoraneum,nongeophyte,0,0,1
Solanum_macracanthum,nongeophyte,0,0,1
Solanum_pampaninii,nongeophyte,0,0,1
Solanum_pauperum,nongeophyte,0,0,1
Solanum_rubetorum,nongeophyte,0,0,1
Solanum_ruvu,nongeophyte,0,0,1
Solanum_sodomeodes,nongeophyte,0,0,1
Solanum_taitense,nongeophyte,0,0,1
Solanum_torreanum,nongeophyte,0,0,1
Solanum_wittei,nongeophyte,0,0,1
Solanum_anomalum,nongeophyte,0,0,1
Solanum_arundo,nongeophyte,0,0,1
Solanum_abortivum,nongeophyte,0,0,1
Solanum_borgmannii,nongeophyte,0,0,1
Solanum_burchellii,nongeophyte,0,0,1
Solanum_campylacanthum,nongeophyte,0,0,1
Solanum_capense,nongeophyte,0,0,1
Solanum_catombelense,nongeophyte,0,0,1
Solanum_cerasiferum,nongeophyte,0,0,1
Solanum_coagulans,nongeophyte,0,0,1
Solanum_cyaneopurpureum,nongeophyte,0,0,1
Solanum_dasyphyllum,nongeophyte,0,0,1
Solanum_dennekense,nongeophyte,0,0,1
Solanum_denseaculeatum,nongeophyte,0,0,1
Solanum_gibbsiae,nongeophyte,0,0,1
Solanum_giganteum,nongeophyte,0,0,1
Solanum_glabratum,nongeophyte,0,0,1
Solanum_goetzei,nongeophyte,0,0,1
Solanum_hastifolium,nongeophyte,0,0,1
Solanum_humile,nongeophyte,0,0,1
Solanum_inaequiradians,nongeophyte,0,0,1
Solanum_incanum,nongeophyte,0,0,1
Solanum_infuscatum,nongeophyte,0,0,1
Solanum_jubae,nongeophyte,0,0,1
Solanum_lamprocarpum,nongeophyte,0,0,1
Solanum_lanzae,nongeophyte,0,0,1
Solanum_lichtensteinii,nongeophyte,0,0,1
Solanum_linnaeanum,nongeophyte,0,0,1
Solanum_macrocarpon,nongeophyte,0,0,1
Solanum_malindiense,nongeophyte,0,0,1
Solanum_marginatum,nongeophyte,0,0,1
Solanum_mauense,nongeophyte,0,0,1
Solanum_melastomoides,nongeophyte,0,0,1
Solanum_nigriviolaceum,nongeophyte,0,0,1
Solanum_nolense,nongeophyte,0,0,1
Solanum_phoxocarpum,nongeophyte,0,0,1
Solanum_polhillii,nongeophyte,0,0,1
Solanum_richardii,nongeophyte,0,0,1
Solanum_rigidum,nongeophyte,0,0,1
Solanum_saruwagedensis,nongeophyte,0,0,1
Solanum_schimperianum,nongeophyte,0,0,1
Solanum_schliebenii,nongeophyte,0,0,1
Solanum_schumannianum,nongeophyte,0,0,1
Solanum_setaceum,nongeophyte,0,0,1
Solanum_somalense,nongeophyte,0,0,1
Solanum_stipitatostellatum,nongeophyte,0,0,1
Solanum_supinum,nongeophyte,0,0,1
Solanum_tetrandrum,rhizomatous,0,1,0
Solanum_tettense,nongeophyte,0,0,1
Solanum_thomsonii,nongeophyte,0,0,1
Solanum_tomentosum,nongeophyte,0,0,1
Solanum_umtuma,nongeophyte,0,0,1
Solanum_usambarense,nongeophyte,0,0,1
Solanum_usaramense,nongeophyte,0,0,1
Solanum_zanzibarense,nongeophyte,0,0,1
Solanum_comitis,nongeophyte,0,0,1
Solanum_deflexicarpum,nongeophyte,0,0,1
Solanum_harmandii,nongeophyte,0,0,1
Solanum_hovei,nongeophyte,0,0,1
Solanum_insanum,nongeophyte,0,0,1
Solanum_melongena,nongeophyte,0,0,1
Solanum_multiflorum,nongeophyte,0,0,1
Solanum_retrorsum,nongeophyte,0,0,1
Solanum_robinsonii,nongeophyte,0,0,1
Solanum_trilobatum,nongeophyte,0,0,1
Solanum_violaceum,nongeophyte,0,0,1
Solanum_virginianum,nongeophyte,0,0,1
Solanum_barbisetum,nongeophyte,0,0,1
Solanum_cordatum,nongeophyte,0,0,1
Solanum_pubescens,nongeophyte,0,0,1
Solanum_camranhense,nongeophyte,0,0,1
Solanum_cyanocarphium,nongeophyte,0,0,1
Solanum_graciliflorum,nongeophyte,0,0,1
Solanum_involucratum,nongeophyte,0,0,1
Solanum_leptacanthum,nongeophyte,0,0,1
Solanum_nienkui,nongeophyte,0,0,1
Solanum_praetermissum,nongeophyte,0,0,1
Solanum_procumbens,nongeophyte,0,0,1
Solanum_putii,nongeophyte,0,0,1
Solanum_wightii,nongeophyte,0,0,1
Solanum_acanthodapis,nongeophyte,0,0,1
Solanum_adenophorum,rhizomatous,0,1,0
Solanum_adoxum,rhizomatous,0,1,0
Solanum_brownii,rhizomatous,0,1,0
Solanum_callosum,rhizomatous,0,1,0
Solanum_campanulatum,rhizomatous,0,1,0
Solanum_capitaneum,rhizomatous,0,1,0
Solanum_carduiforme,rhizomatous,0,1,0
Solanum_cataphractum,nongeophyte,0,0,1
Solanum_celatum,rhizomatous,0,1,0
Solanum_centrale,rhizomatous,0,1,0
Solanum_chenopodinum,rhizomatous,0,1,0
Solanum_chillagoense,rhizomatous,0,1,0
Solanum_chippendalei,rhizomatous,0,1,0
Solanum_cinereum,rhizomatous,0,1,0
Solanum_clarkiae,nongeophyte,0,0,1
Solanum_cleistogamum,rhizomatous,0,1,0
Solanum_coactiliferum,rhizomatous,0,1,0
Solanum_cocosoides,rhizomatous,0,1,0
Solanum_cookii,rhizomatous,0,1,0
Solanum_coracinum,rhizomatous,0,1,0
Solanum_corifolium,rhizomatous,0,1,0
Solanum_cowiei,rhizomatous,0,1,0
Solanum_crassitomentosum,rhizomatous,0,1,0
Solanum_crebrispinum,rhizomatous,0,1,0
Solanum_cunninghamii,rhizomatous,0,1,0
Solanum_curvicuspe,rhizomatous,0,1,0
Solanum_defensum,rhizomatous,0,1,0
Solanum_densevestitum,rhizomatous,0,1,0
Solanum_dimorphispinum,rhizomatous,0,1,0
Solanum_dioicum,rhizomatous,0,1,0
Solanum_discolor,rhizomatous,0,1,0
Solanum_dissectum,rhizomatous,0,1,0
Solanum_ditrichum,rhizomatous,0,1,0
Solanum_diversiflorum,rhizomatous,0,1,0
Solanum_dryanderense,rhizomatous,0,1,0
Solanum_dumicola,rhizomatous,0,1,0
Solanum_dysprosium,rhizomatous,0,1,0
Solanum_eardleyae,rhizomatous,0,1,0
Solanum_eburneum,rhizomatous,0,1,0
Solanum_echinatum,rhizomatous,0,1,0
Solanum_elachophyllum,rhizomatous,0,1,0
Solanum_elatius,rhizomatous,0,1,0
Solanum_ellipticum,rhizomatous,0,1,0
Solanum_eminens,nongeophyte,0,0,1
Solanum_emmottii,rhizomatous,0,1,0
Solanum_eremophilum,rhizomatous,0,1,0
Solanum_esuriale,rhizomatous,0,1,0
Solanum_fecundum,nongeophyte,0,0,1
Solanum_ferocissimum,rhizomatous,0,1,0
Solanum_fervens,rhizomatous,0,1,0
Solanum_francisii,rhizomatous,0,1,0
Solanum_furfuraceum,rhizomatous,0,1,0
Solanum_gabrielae,nongeophyte,0,0,1
Solanum_galactites,nongeophyte,0,0,1
Solanum_galbinum,rhizomatous,0,1,0
Solanum_gilesii,rhizomatous,0,1,0
Solanum_graniticum,rhizomatous,0,1,0
Solanum_gympiense,rhizomatous,0,1,0
Solanum_hamulosum,nongeophyte,0,0,1
Solanum_hapalum,rhizomatous,0,1,0
Solanum_hesperium,nongeophyte,0,0,1
Solanum_heteropodium,nongeophyte,0,0,1
Solanum_hoplopetalum,rhizomatous,0,1,0
Solanum_horridum,nongeophyte,0,0,1
Solanum_hystrix,rhizomatous,0,1,0
Solanum_inaequilaterum,rhizomatous,0,1,0
Solanum_innoxium,rhizomatous,0,1,0
Solanum_intonsum,rhizomatous,0,1,0
Solanum_iodinum,rhizomatous,0,1,0
Solanum_jobsonii,nongeophyte,0,0,1
Solanum_johnsonianum,rhizomatous,0,1,0
Solanum_jucundum,rhizomatous,0,1,0
Solanum_karsense,rhizomatous,0,1,0
Solanum_kentrocaule,rhizomatous,0,1,0
Solanum_lachnophyllum,nongeophyte,0,0,1
Solanum_lacunarium,rhizomatous,0,1,0
Solanum_lapidosum,rhizomatous,0,1,0
Solanum_lasiophyllum,rhizomatous,0,1,0
Solanum_latens,rhizomatous,0,1,0
Solanum_leopoldensis,rhizomatous,0,1,0
Solanum_limitare,rhizomatous,0,1,0
Solanum_lithophilum,rhizomatous,0,1,0
Solanum_lobatum,rhizomatous,0,1,0
Solanum_lucani,rhizomatous,0,1,0
Solanum_lythrocarpum,rhizomatous,0,1,0
Solanum_macoorai,rhizomatous,0,1,0
Solanum_magnifolium,rhizomatous,0,1,0
Solanum_medicagineum,rhizomatous,0,1,0
Solanum_melanospermum,rhizomatous,0,1,0
Solanum_mentiens,nongeophyte,0,0,1
Solanum_mitchellianum,rhizomatous,0,1,0
Solanum_morrisonii,nongeophyte,0,0,1
Solanum_multiglochidiatum,rhizomatous,0,1,0
Solanum_nemophilum,rhizomatous,0,1,0
Solanum_neoanglicum,rhizomatous,0,1,0
Solanum_nobile,rhizomatous,0,1,0
Solanum_nummularium,rhizomatous,0,1,0
Solanum_octonum,nongeophyte,0,0,1
Solanum_oedipus,rhizomatous,0,1,0
Solanum_oldfieldii,rhizomatous,0,1,0
Solanum_oligacanthum,rhizomatous,0,1,0
Solanum_oligandrum,nongeophyte,0,0,1
Solanum_oomsis,nongeophyte,0,0,1
Solanum_orbiculatum,rhizomatous,0,1,0
Solanum_orgadophilum,rhizomatous,0,1,0
Solanum_ossicruentum,rhizomatous,0,1,0
Solanum_osteocarpum,rhizomatous,0,1,0
Solanum_pallidifolium,rhizomatous,0,1,0
Solanum_papaverifolium,rhizomatous,0,1,0
Solanum_parvifolium,rhizomatous,0,1,0
Solanum_petraeum,nongeophyte,0,0,1
Solanum_petrophilum,rhizomatous,0,1,0
Solanum_phlomoides,rhizomatous,0,1,0
Solanum_piceum,rhizomatous,0,1,0
Solanum_pisinnum,rhizomatous,0,1,0
Solanum_plicatile,rhizomatous,0,1,0
Solanum_prinophyllum,rhizomatous,0,1,0
Solanum_prolatum,rhizomatous,0,1,0
Solanum_pugiunculiferum,rhizomatous,0,1,0
Solanum_pungetium,rhizomatous,0,1,0
Solanum_pusillum,rhizomatous,0,1,0
Solanum_pycnotrichum,rhizomatous,0,1,0
Solanum_quadriloculatum,rhizomatous,0,1,0
Solanum_reclusum,rhizomatous,0,1,0
Solanum_rhaphiotes,rhizomatous,0,1,0
Solanum_rixosum,rhizomatous,0,1,0
Solanum_sejunctum,nongeophyte,0,0,1
Solanum_semiarmatum,rhizomatous,0,1,0
Solanum_senticosum,rhizomatous,0,1,0
Solanum_serpens,nongeophyte,0,0,1
Solanum_shirleyanum,rhizomatous,0,1,0
Solanum_silvestre,rhizomatous,0,1,0
Solanum_sporadotrichum,rhizomatous,0,1,0
Solanum_stelligerum,rhizomatous,0,1,0
Solanum_stenopterum,rhizomatous,0,1,0
Solanum_stupefactum,rhizomatous,0,1,0
Solanum_sturtianum,rhizomatous,0,1,0
Solanum_succosum,rhizomatous,0,1,0
Solanum_sulphureum,rhizomatous,0,1,0
Solanum_terraneum,rhizomatous,0,1,0
Solanum_tetrathecum,rhizomatous,0,1,0
Solanum_tudununggae,nongeophyte,0,0,1
Solanum_tumulicola,rhizomatous,0,1,0
Solanum_ultimum,rhizomatous,0,1,0
Solanum_ultraspinosum,nongeophyte,0,0,1
Solanum_unispinum,rhizomatous,0,1,0
Solanum_vansittartense,nongeophyte,0,0,1
Solanum_versicolor,rhizomatous,0,1,0
Solanum_vicinum,rhizomatous,0,1,0
Solanum_watneyi,rhizomatous,0,1,0
Solanum_wilkinsii,nongeophyte,0,0,1
Solanum_zoeae,nongeophyte,0,0,1
Solanum_albostellatum,nongeophyte,0,0,1
Solanum_amblymerum,rhizomatous,0,1,0
Solanum_ammophilum,rhizomatous,0,1,0
Solanum_angustum,rhizomatous,0,1,0
Solanum_apodophyllum,nongeophyte,0,0,1
Solanum_arachnoides,nongeophyte,0,0,1
Solanum_argopetalum,rhizomatous,0,1,0
Solanum_aridicola,rhizomatous,0,1,0
Solanum_armourense,rhizomatous,0,1,0
Solanum_ashbyae,nongeophyte,0,0,1
Solanum_asymmetriphyllum,rhizomatous,0,1,0
Solanum_austropiceum,rhizomatous,0,1,0
Solanum_beaugleholei,rhizomatous,0,1,0
Solanum_elegans,rhizomatous,0,1,0
Solanum_dunalianum,rhizomatous,0,1,0
Solanum_incanoalabastrum,nongeophyte,0,0,1
Solanum_peekelii,nongeophyte,0,0,1
Solanum_torricellense,nongeophyte,0,0,1
Solanum_viridifolium,rhizomatous,0,1,0
Solanum_labyrinthinum,nongeophyte,0,0,1
Solanum_abollatum,rhizomatous,0,1,0
Solanum_actephilum,nongeophyte,0,0,1
Solanum_amicorum,nongeophyte,0,0,1
Solanum_artense,nongeophyte,0,0,1
Solanum_austro-caledonicum,nongeophyte,0,0,1
Solanum_bauerianum,nongeophyte,0,0,1
Solanum_camptostylum,nongeophyte,0,0,1
Solanum_guamense,nongeophyte,0,0,1
Solanum_hillebrandii,nongeophyte,0,0,1
Solanum_hugonis,nongeophyte,0,0,1
Solanum_inamoenum,nongeophyte,0,0,1
Solanum_incompletum,nongeophyte,0,0,1
Solanum_insulae-pinorum,nongeophyte,0,0,1
Solanum_leratii,nongeophyte,0,0,1
Solanum_milnei,nongeophyte,0,0,1
Solanum_nelsonii,nongeophyte,0,0,1
Solanum_pancheri,nongeophyte,0,0,1
Solanum_pseuderanthemoides,nongeophyte,0,0,1
Solanum_sandwicense,nongeophyte,0,0,1
Solanum_vaccinioides,nongeophyte,0,0,1
Solanum_vanuatuense,nongeophyte,0,0,1
Solanum_viride,nongeophyte,0,0,1
Solanum_caumii,nongeophyte,0,0,1
Solanum_memaoyanum,nongeophyte,0,0,1
Solanum_pseudopedunculatum,nongeophyte,0,0,1
Solanum_ratale,nongeophyte,0,0,1
Solanum_semisucculentum,nongeophyte,0,0,1
Solanum_bumeliifolium,nongeophyte,0,0,1
Solanum_croatii,nongeophyte,0,0,1
Solanum_erythracanthum,nongeophyte,0,0,1
Solanum_heinianum,nongeophyte,0,0,1
Solanum_mahoriense,nongeophyte,0,0,1
Solanum_myoxotrichum,nongeophyte,0,0,1
Solanum_pyracanthos,nongeophyte,0,0,1
Solanum_toliaraea,nongeophyte,0,0,1
Solanum_batoides,nongeophyte,0,0,1
Solanum_banzicum,nongeophyte,0,0,1
Solanum_dallmannianum,nongeophyte,0,0,1
Solanum_exemptum,nongeophyte,0,0,1
Solanum_expedunculatum,nongeophyte,0,0,1
Solanum_invictum,nongeophyte,0,0,1
Solanum_malignum,nongeophyte,0,0,1
Solanum_missimense,rhizomatous,0,1,0
Solanum_ortivum,nongeophyte,0,0,1
Solanum_papuanum,nongeophyte,0,0,1
Solanum_petilum,nongeophyte,0,0,1
Solanum_phoberum,nongeophyte,0,0,1
Solanum_pluriflorum,nongeophyte,0,0,1
Solanum_rivicola,nongeophyte,0,0,1
Solanum_schefferi,nongeophyte,0,0,1
Solanum_scolophyllum,nongeophyte,0,0,1
Solanum_trichostylum,nongeophyte,0,0,1
Solanum_anfractum,nongeophyte,0,0,1
Solanum_athenae,nongeophyte,0,0,1
Solanum_elaeagnifolium,rhizomatous,0,1,0
Solanum_hindsianum,rhizomatous,0,1,0
Solanum_homalospermum,rhizomatous,0,1,0
Solanum_houstonii,rhizomatous,0,1,0
Solanum_mortonii,rhizomatous,0,1,0
Solanum_absconditum,nongeophyte,0,0,1
Solanum_abutilifolium,nongeophyte,0,0,1
Solanum_accrescens,nongeophyte,0,0,1
Solanum_achorum,nongeophyte,0,0,1
Solanum_cordifolium,nongeophyte,0,0,1
Solanum_decompositiflorum,nongeophyte,0,0,1
Solanum_decorum,nongeophyte,0,0,1
Solanum_diamantinense,nongeophyte,0,0,1
Solanum_eitenii,nongeophyte,0,0,1
Solanum_erythrotrichum,nongeophyte,0,0,1
Solanum_fulvidum,nongeophyte,0,0,1
Solanum_hexandrum,nongeophyte,0,0,1
Solanum_insidiosum,nongeophyte,0,0,1
Solanum_jabrense,nongeophyte,0,0,1
Solanum_kollastrum,nongeophyte,0,0,1
Solanum_megalonyx,nongeophyte,0,0,1
Solanum_megaspermum,nongeophyte,0,0,1
Solanum_mesopliarthrum,nongeophyte,0,0,1
Solanum_paludosum,nongeophyte,0,0,1
Solanum_pycnanthemum,nongeophyte,0,0,1
Solanum_reflexiflorum,nongeophyte,0,0,1
Solanum_rhytidoandrum,nongeophyte,0,0,1
Solanum_robustum,nongeophyte,0,0,1
Solanum_rubiginosum,nongeophyte,0,0,1
Solanum_stagnale,nongeophyte,0,0,1
Solanum_sublentum,nongeophyte,0,0,1
Solanum_subserratum,nongeophyte,0,0,1
Solanum_urubambaense,nongeophyte,0,0,1
Solanum_velleum,nongeophyte,0,0,1
Solanum_velutinum,nongeophyte,0,0,1
Solanum_apiculatum,nongeophyte,0,0,1
Solanum_costatum,nongeophyte,0,0,1
Solanum_hydroides,nongeophyte,0,0,1
Solanum_fernandesii,nongeophyte,0,0,1
Solanum_gardneri,nongeophyte,0,0,1
Solanum_microphyllum,nongeophyte,0,0,1
Solanum_polytrichum,nongeophyte,0,0,1
Solanum_schomburghii,nongeophyte,0,0,1
Solanum_stenandrum,nongeophyte,0,0,1
Solanum_talarense,nongeophyte,0,0,1
Solanum_tetramerum,nongeophyte,0,0,1
Solanum_agrarium,nongeophyte,0,0,1
Solanum_dasyanthum,nongeophyte,0,0,1
Solanum_candidum,nongeophyte,0,0,1
Solanum_felinum,nongeophyte,0,0,1
Solanum_hirtum,nongeophyte,0,0,1
Solanum_hyporhodium,nongeophyte,0,0,1
Solanum_lasiocarpum,nongeophyte,0,0,1
Solanum_pectinatum,nongeophyte,0,0,1
Solanum_pseudolulo,nongeophyte,0,0,1
Solanum_quitoense,nongeophyte,0,0,1
Solanum_repandum,nongeophyte,0,0,1
Solanum_sessiliflorum,nongeophyte,0,0,1
Solanum_stramoniifolium,nongeophyte,0,0,1
Solanum_vestissimum,nongeophyte,0,0,1
Solanum_apaporanum,nongeophyte,0,0,1
Solanum_asperrimum,nongeophyte,0,0,1
Solanum_flexicaule,nongeophyte,0,0,1
Solanum_jamaicense,nongeophyte,0,0,1
Solanum_jussiaei,nongeophyte,0,0,1
Solanum_lanceifolium,nongeophyte,0,0,1
Solanum_leucopogon,nongeophyte,0,0,1
Solanum_monachophyllum,nongeophyte,0,0,1
Solanum_nuricum,nongeophyte,0,0,1
Solanum_pedemontanum,nongeophyte,0,0,1
Solanum_tampicense,nongeophyte,0,0,1
Solanum_volubile,nongeophyte,0,0,1
Solanum_arachnidanthum,nongeophyte,0,0,1
Solanum_aturense,nongeophyte,0,0,1
Solanum_campechiense,nongeophyte,0,0,1
Solanum_euacanthum,nongeophyte,0,0,1
Solanum_multispinum,rhizomatous,0,1,0
Solanum_polygamum,nongeophyte,0,0,1
Solanum_hasslerianum,nongeophyte,0,0,1
Solanum_sisymbriifolium,nongeophyte,0,0,1
Solanum_buddleifolium,nongeophyte,0,0,1
Solanum_depauperatum,nongeophyte,0,0,1
Solanum_graniticola,nongeophyte,0,0,1
Solanum_paraibanum,nongeophyte,0,0,1
Solanum_schizandrum,nongeophyte,0,0,1
Solanum_schuechii,nongeophyte,0,0,1
Solanum_thomasiifolium,nongeophyte,0,0,1
Solanum_nematopus,nongeophyte,0,0,1
Solanum_rupincola,nongeophyte,0,0,1
Solanum_actaeibotrys,nongeophyte,0,0,1
Solanum_acutilobum,nongeophyte,0,0,1
Solanum_adspersum,nongeophyte,0,0,1
Solanum_albidum,nongeophyte,0,0,1
Solanum_asperolanatum,nongeophyte,0,0,1
Solanum_asteropilodes,nongeophyte,0,0,1
Solanum_bistellatum,nongeophyte,0,0,1
Solanum_bolivianum,nongeophyte,0,0,1
Solanum_bonariense,nongeophyte,0,0,1
Solanum_caricaefolium,nongeophyte,0,0,1
Solanum_chrysotrichum,nongeophyte,0,0,1
Solanum_comarapanum,nongeophyte,0,0,1
Solanum_consimile,nongeophyte,0,0,1
Solanum_crinitipes,nongeophyte,0,0,1
Solanum_crotonifolium,nongeophyte,0,0,1
Solanum_dammerianum,nongeophyte,0,0,1
Solanum_dolichosepalum,nongeophyte,0,0,1
Solanum_donianum,nongeophyte,0,0,1
Solanum_ferrugineum,nongeophyte,0,0,1
Solanum_fosbergianum,nongeophyte,0,0,1
Solanum_glutinosum,nongeophyte,0,0,1
Solanum_guaraniticum,nongeophyte,0,0,1
Solanum_hayesii,nongeophyte,0,0,1
Solanum_hispidum,nongeophyte,0,0,1
Solanum_iodotrichum,nongeophyte,0,0,1
Solanum_junctum,nongeophyte,0,0,1
Solanum_lanceolatum,nongeophyte,0,0,1
Solanum_metrobotryon,nongeophyte,0,0,1
Solanum_orthacanthum,nongeophyte,0,0,1
Solanum_ovalifolium,nongeophyte,0,0,1
Solanum_paniculatum,nongeophyte,0,0,1
Solanum_pedersenii,nongeophyte,0,0,1
Solanum_peikuoense,nongeophyte,0,0,1
Solanum_pluviale,nongeophyte,0,0,1
Solanum_poinsettiifolium,nongeophyte,0,0,1
Solanum_poka,nongeophyte,0,0,1
Solanum_pseudoauriculatum,nongeophyte,0,0,1
Solanum_pseudosaponaceum,nongeophyte,0,0,1
Solanum_rubicaule,nongeophyte,0,0,1
Solanum_rudepannum,nongeophyte,0,0,1
Solanum_saponaceum,nongeophyte,0,0,1
Solanum_saturatum,nongeophyte,0,0,1
Solanum_scuticum,nongeophyte,0,0,1
Solanum_stellatiglandulosum,nongeophyte,0,0,1
Solanum_stellativelutinum,nongeophyte,0,0,1
Solanum_subinerme,nongeophyte,0,0,1
Solanum_subumbellatum,nongeophyte,0,0,1
Solanum_toldense,nongeophyte,0,0,1
Solanum_torvoideum,nongeophyte,0,0,1
Solanum_torvum,nongeophyte,0,0,1
Solanum_truncatum,nongeophyte,0,0,1
Solanum_ursinum,nongeophyte,0,0,1
Solanum_variabile,nongeophyte,0,0,1
Solanum_wackettii,nongeophyte,0,0,1
Solanum_whalenii,nongeophyte,0,0,1
Solanum_moense,nongeophyte,0,0,1
Solanum_pachyneuroides,nongeophyte,0,0,1
Solanum_pachyneurum,nongeophyte,0,0,1
Solanum_schulzianum,nongeophyte,0,0,1
Solanum_selleanum,nongeophyte,0,0,1
Solanum_urens,nongeophyte,0,0,1
Solanum_gundlachii,nongeophyte,0,0,1
Solanum_barbeyanum,nongeophyte,0,0,1
Solanum_hoehnei,nongeophyte,0,0,1
Solanum_nemorense,nongeophyte,0,0,1
Solanum_reptans,nongeophyte,0,0,1
Solanum_appendiculatum,nongeophyte,0,0,1
Solanum_baretiae,nongeophyte,0,0,1
Solanum_brevifolium,nongeophyte,0,0,1
Solanum_chachapoyasense,nongeophyte,0,0,1
Solanum_chimborazense,nongeophyte,0,0,1
Solanum_complectens,nongeophyte,0,0,1
Solanum_ionidium,nongeophyte,0,0,1
Solanum_siphonobasis,nongeophyte,0,0,1
Solanum_sodiroi,nongeophyte,0,0,1
Solanum_subvelutinum,nongeophyte,0,0,1
Solanum_basendopogon,nongeophyte,0,0,1
Solanum_canense,nongeophyte,0,0,1
Solanum_caripense,nongeophyte,0,0,1
Solanum_catilliflorum,nongeophyte,0,0,1
Solanum_cochoae,nongeophyte,0,0,1
Solanum_filiforme,nongeophyte,0,0,1
Solanum_fraxinifolium,nongeophyte,0,0,1
Solanum_heiseri,nongeophyte,0,0,1
Solanum_mariae,nongeophyte,0,0,1
Solanum_muricatum,nongeophyte,0,0,1
Solanum_perlongistylum,nongeophyte,0,0,1
Solanum_sanctaemarthae,nongeophyte,0,0,1
Solanum_sericeum,nongeophyte,0,0,1
Solanum_skutchii,nongeophyte,0,0,1
Solanum_suaveolens,nongeophyte,0,0,1
Solanum_tabanoense,nongeophyte,0,0,1
Solanum_tacanense,nongeophyte,0,0,1
Solanum_taeniotrichum,nongeophyte,0,0,1
Solanum_tergosericeum,nongeophyte,0,0,1
Solanum_trachycarpum,nongeophyte,0,0,1
Solanum_etuberosum,rhizomatous,0,1,0
Solanum_fernandezianum,rhizomatous,0,1,0
Solanum_palustre,rhizomatous,0,1,0
Solanum_crassinervium,nongeophyte,0,0,1
Solanum_dalibardiforme,nongeophyte,0,0,1
Solanum_dolichorhachis,nongeophyte,0,0,1
Solanum_evolvulifolium,nongeophyte,0,0,1
Solanum_limoncochaense,nongeophyte,0,0,1
Solanum_loxophyllum,nongeophyte,0,0,1
Solanum_pacificum,nongeophyte,0,0,1
Solanum_pentaphyllum,nongeophyte,0,0,1
Solanum_phaseoloides,nongeophyte,0,0,1
Solanum_trifolium,nongeophyte,0,0,1
Solanum_oxycoccoides,nongeophyte,0,0,1
Solanum_×aemulans,tuberous,1,0,0
Solanum_×blanco-galdosii,tuberous,1,0,0
Solanum_×brucheri,tuberous,1,0,0
Solanum_×doddsii,tuberous,1,0,0
Solanum_×edinense,tuberous,1,0,0
Solanum_×michoacanum,tuberous,1,0,0
Solanum_×neoweberbaueri,tuberous,1,0,0
Solanum_×rechei,tuberous,1,0,0
Solanum_×sambucinum,tuberous,1,0,0
Solanum_×vallis-mexici,tuberous,1,0,0
Solanum_acaule,tuberous,1,0,0
Solanum_acroglossum,tuberous,1,0,0
Solanum_acroscopicum,tuberous,1,0,0
Solanum_agrimoniifolium,tuberous,1,0,0
Solanum_ajanhuiri,tuberous,1,0,0
Solanum_albicans,tuberous,1,0,0
Solanum_albornozii,tuberous,1,0,0
Solanum_amayanum,tuberous,1,0,0
Solanum_anamatophilum,tuberous,1,0,0
Solanum_ancophilum,tuberous,1,0,0
Solanum_andreanum,tuberous,1,0,0
Solanum_augustii,tuberous,1,0,0
Solanum_ayacuchense,tuberous,1,0,0
Solanum_berthaultii,tuberous,1,0,0
Solanum_boliviense,tuberous,1,0,0
Solanum_bombycinum,tuberous,1,0,0
Solanum_brevicaule,tuberous,1,0,0
Solanum_buesii,tuberous,1,0,0
Solanum_bulbo. x cardio.,tuberous,1,0,0
Solanum_bulbocastanum,tuberous,1,0,0
Solanum_burkartii,tuberous,1,0,0
Solanum_cajamarquense,tuberous,1,0,0
Solanum_candolleanum,tuberous,1,0,0
Solanum_cantense,tuberous,1,0,0
Solanum_cardiophyllum,tuberous,1,0,0
Solanum_chacoense,tuberous,1,0,0
Solanum_chilliasense,tuberous,1,0,0
Solanum_chiquidenum,tuberous,1,0,0
Solanum_chomatophilum,tuberous,1,0,0
Solanum_clarum,tuberous,1,0,0
Solanum_colombianum,tuberous,1,0,0
Solanum_commersonii,tuberous,1,0,0
Solanum_contumazaense,tuberous,1,0,0
Solanum_curtilobum,tuberous,1,0,0
Solanum_demissum,tuberous,1,0,0
Solanum_dolichocremastrum,tuberous,1,0,0
Solanum_ehrenbergii,tuberous,1,0,0
Solanum_flahaultii,tuberous,1,0,0
Solanum_gandarillasii,tuberous,1,0,0
Solanum_garcia-barrigae,tuberous,1,0,0
Solanum_gracilifrons,tuberous,1,0,0
Solanum_guerreroense,tuberous,1,0,0
Solanum_hastiforme,tuberous,1,0,0
Solanum_hintonii,tuberous,1,0,0
Solanum_hjertingii,tuberous,1,0,0
Solanum_hougasii,tuberous,1,0,0
Solanum_huancabambense,tuberous,1,0,0
Solanum_humectophilum,tuberous,1,0,0
Solanum_hypacrarthrum,tuberous,1,0,0
Solanum_immite,tuberous,1,0,0
Solanum_incasicum,tuberous,1,0,0
Solanum_infundibuliforme,tuberous,1,0,0
Solanum_iopetalum,tuberous,1,0,0
Solanum_jamesii,tuberous,1,0,0
Solanum_juzepczukii,tuberous,1,0,0
Solanum_kurtzianum,tuberous,1,0,0
Solanum_laxissimum,tuberous,1,0,0
Solanum_lesteri,tuberous,1,0,0
Solanum_lignicaule,tuberous,1,0,0
Solanum_limbaniense,tuberous,1,0,0
Solanum_lobbianum,tuberous,1,0,0
Solanum_longiconicum,tuberous,1,0,0
Solanum_maglia,tuberous,1,0,0
Solanum_malmeanum,tuberous,1,0,0
Solanum_medians,tuberous,1,0,0
Solanum_microdontum,tuberous,1,0,0
Solanum_minutifoliolum,tuberous,1,0,0
Solanum_mochiquense,tuberous,1,0,0
Solanum_morelliforme,tuberous,1,0,0
Solanum_multiinterruptum,tuberous,1,0,0
Solanum_neocardenasii,tuberous,1,0,0
Solanum_neorossii,tuberous,1,0,0
Solanum_nubicola,tuberous,1,0,0
Solanum_okadae,tuberous,1,0,0
Solanum_olmosense,tuberous,1,0,0
Solanum_oxycarpum,tuberous,1,0,0
Solanum_paucissectum,tuberous,1,0,0
Solanum_pillahuatense,tuberous,1,0,0
Solanum_pinnatisectum,tuberous,1,0,0
Solanum_piurae,tuberous,1,0,0
Solanum_polyadenium,tuberous,1,0,0
Solanum_raphanifolium,tuberous,1,0,0
Solanum_raquialatum,tuberous,1,0,0
Solanum_rhomboideilanceolatum,tuberous,1,0,0
Solanum_salasianum,tuberous,1,0,0
Solanum_scabrifolium,tuberous,1,0,0
Solanum_schenckii,tuberous,1,0,0
Solanum_simplicissimum,tuberous,1,0,0
Solanum_sogarandinum,tuberous,1,0,0
Solanum_stenophyllidium,tuberous,1,0,0
Solanum_stipuloideum,tuberous,1,0,0
Solanum_stoloniferum,tuberous,1,0,0
Solanum_tarnii,tuberous,1,0,0
Solanum_trifidum,tuberous,1,0,0
Solanum_trinitense,tuberous,1,0,0
Solanum_tuberosum,tuberous,1,0,0
Solanum_velardei,tuberous,1,0,0
Solanum_venturii,tuberous,1,0,0
Solanum_vernei,tuberous,1,0,0
Solanum_verrucosum,tuberous,1,0,0
Solanum_violaceimarmoratum,tuberous,1,0,0
Solanum_wittmackii,tuberous,1,0,0
Solanum_woodsonii,tuberous,1,0,0
Solanum_anceps,nongeophyte,0,0,1
Solanum_angustialatum,nongeophyte,0,0,1
Solanum_chamaepolybotryon,nongeophyte,0,0,1
Solanum_conicum,nongeophyte,0,0,1
Solanum_incurvum,nongeophyte,0,0,1
Solanum_mite,nongeophyte,0,0,1
Solanum_savanillense,nongeophyte,0,0,1
Solanum_ternatum,nongeophyte,0,0,1
Solanum_trizygum,nongeophyte,0,0,1
Solanum_uleanum,nongeophyte,0,0,1
Solanum_arcanum,nongeophyte,0,0,1
Solanum_cheesmaniae,nongeophyte,0,0,1
Solanum_chilense,nongeophyte,0,0,1
Solanum_chmielewskii,nongeophyte,0,0,1
Solanum_corneliomulleri,nongeophyte,0,0,1
Solanum_galapagense,nongeophyte,0,0,1
Solanum_habrochaites,nongeophyte,0,0,1
Solanum_huaylasense,nongeophyte,0,0,1
Solanum_juglandifolium,nongeophyte,0,0,1
Solanum_lycopersicoides,nongeophyte,0,0,1
Solanum_lycopersicum,nongeophyte,0,0,1
Solanum_neorickii,nongeophyte,0,0,1
Solanum_ochranthum,nongeophyte,0,0,1
Solanum_pennellii,nongeophyte,0,0,1
Solanum_peruvianum,nongeophyte,0,0,1
Solanum_pimpinellifolium,nongeophyte,0,0,1
Solanum_sitiens,nongeophyte,0,0,1
Solanum_brachyantherum,nongeophyte,0,0,1
Solanum_coquimbense,nongeophyte,0,0,1
Solanum_edmondstonii,nongeophyte,0,0,1
Solanum_herbabona,nongeophyte,0,0,1
Solanum_indivisum,nongeophyte,0,0,1
Solanum_montanum,tuberous,1,0,0
Solanum_multifidum,nongeophyte,0,0,1
Solanum_paposanum,nongeophyte,0,0,1
Solanum_pinnatum,nongeophyte,0,0,1
Solanum_remyanum,nongeophyte,0,0,1
Solanum_trinominum,nongeophyte,0,0,1
Solanum_anomalostemon,nongeophyte,0,0,1
Solanum_dimorphandrum,nongeophyte,0,0,1
Solanum_monarchostemon,nongeophyte,0,0,1
Solanum_thelopodium,nongeophyte,0,0,1
Solanum_maestrense,nongeophyte,0,0,1
Solanum_africanum,nongeophyte,0,0,1
Solanum_betroka,nongeophyte,0,0,1
Solanum_guineense,nongeophyte,0,0,1
Solanum_humblotii,nongeophyte,0,0,1
Solanum_imamense,nongeophyte,0,0,1
Solanum_ivohibe,nongeophyte,0,0,1
Solanum_macrothyrsum,nongeophyte,0,0,1
Solanum_madagascariense,nongeophyte,0,0,1
Solanum_myrsinoides,nongeophyte,0,0,1
Solanum_runsoriense,nongeophyte,0,0,1
Solanum_sambiranense,nongeophyte,0,0,1
Solanum_terminale,nongeophyte,0,0,1
Solanum_trichopetiolatum,nongeophyte,0,0,1
Solanum_truncicola,nongeophyte,0,0,1
Solanum_aviculare,nongeophyte,0,0,1
Solanum_capsiciforme,nongeophyte,0,0,1
Solanum_laciniatum,nongeophyte,0,0,1
Solanum_linearifolium,nongeophyte,0,0,1
Solanum_multivenosum,nongeophyte,0,0,1
Solanum_simile,nongeophyte,0,0,1
Solanum_symonii,nongeophyte,0,0,1
Solanum_vescum,nongeophyte,0,0,1
Solanum_herculeum,nongeophyte,0,0,1
Solanum_nava,nongeophyte,0,0,1
Solanum_trisectum,nongeophyte,0,0,1
Solanum_alphonsei,nongeophyte,0,0,1
Solanum_valdiviense,nongeophyte,0,0,1
Solanum_allophyllum,nongeophyte,0,0,1
Solanum_clandestinum,nongeophyte,0,0,1
Solanum_mapiriense,nongeophyte,0,0,1
Solanum_morellifolium,nongeophyte,0,0,1
Solanum_alternatopinnatum,nongeophyte,0,0,1
Solanum_bicorne,nongeophyte,0,0,1
Solanum_cobanense,nongeophyte,0,0,1
Solanum_edmundoi,nongeophyte,0,0,1
Solanum_glaucescens,nongeophyte,0,0,1
Solanum_pachyandrum,nongeophyte,0,0,1
Solanum_refractum,nongeophyte,0,0,1
Solanum_triunfense,nongeophyte,0,0,1
Solanum_wendlandii,nongeophyte,0,0,1

