FULLNAME,CLADE1,CLADE2,,,
Solanum ?michoacanum (Bitter) Rydb.,Potato,Petota,,,
Solanum abitaguense S.Knapp,Geminata,Geminata,,,
Solanum abollatum H.St.John,Leptostemonum,Geminata,,,
Solanum abortivum Symon,Leptostemonum,Geminata,,,
Solanum absconditum Agra,Leptostemonum,Erythrotrichum,,,
Solanum abutilifolium Rusby,Leptostemonum,African non-spiny,,,
Solanum abutiloides (Griseb.) Bitter & Lillo,Brevantherum,Brevantherum s.s.,,,
Solanum acanthodapis A.R.Bean,Leptostemonum,Wendlandii-Allophyllum,,,
Solanum acanthodes Hook.f.,Leptostemonum,Wendlandii-Allophyllum,,,
Solanum acaule Bitter,Potato,Petota,,,
Solanum accrescens Standl. & C.V.Morton,Leptostemonum,Erythrotrichum,,,
Solanum acerifolium Dunal,Leptostemonum,Acanthophora,,,
Solanum achorum S.Stern,Leptostemonum,Erythrotrichum,,,
Solanum acroglossum Juz.,Potato,Petota,,,
Solanum acropterum Griseb.,Geminata,Geminata,,,
Solanum acroscopicum Ochoa,Potato,Petota,,,
Solanum actaeibotrys Rusby,Leptostemonum,Torva,,,
Solanum actephilum Guillaumin,Leptostemonum,EHS-Irenosolanum,,,
Solanum aculeastrum Dunal,Leptostemonum,EHS-Africa,,,
Solanum aculeatissimum Jacq.,Leptostemonum,Acanthophora,,,
Solanum acuminatum Ruiz & Pav.,Geminata,Geminata,,,
Solanum acutilobum Dunal,Leptostemonum,Torva,,,
Solanum adenobasis M.Nee & Farruggia,Leptostemonum,Androceras-Crinitum,,,
Solanum adenophorum F.Muell.,Leptostemonum,EHS-Australia,,,
Solanum adoense Hochst. ex A.Rich.,Leptostemonum,EHS-Africa,,,
Solanum adoxum A.R.Bean,Leptostemonum,EHS-Australia,,,
Solanum adscendens Sendtn.,Brevantherum,Gonatotrichum,,,
Solanum adspersum Witasek,Leptostemonum,Torva,,,
Solanum aethiopicum L.,Leptostemonum,EHS-Africa,,,
Solanum affine Sendtn.,Leptostemonum,Acanthophora,,,
Solanum africanum,African non-spiny,African non-spiny,,,
Solanum agnewiorum Voronts.,Leptostemonum,EHS-Africa,,,
Solanum agnoston S.Knapp,Dulcamaroid,Dulcamaroid,,,
Solanum agrarium Sendtn.,Leptostemonum,Gardneri,,,
Solanum agrimoniifolium Rydb.,Potato,Petota,,,
Solanum ajanhuiri Juz. & Bukasov,Potato,Petota,,,
Solanum alatirameum Bitter,Geminata,Geminata,,,
Solanum albescens (Britton ex Rusby) Hunz.,Morelloid,Section Solanum,,,
Solanum albicans (Ochoa) Ochoa,Potato,Petota,,,
Solanum albidum Dunal,Leptostemonum,Torva,,,
Solanum albornozii Correll,Potato,Petota,,,
Solanum albostellatum R.W.Davis & P.J.H.Hurter,Leptostemonum,EHS-Australia,,,
Solanum aldabrense C.H.Wright,Leptostemonum,EHS,,,
Solanum aligerum Schltdl.,Dulcamaroid,South American,,,
Solanum alliariifolium M.Nee & S?rkinen,Morelloid,section Solanum,,,
Solanum allophyllum (Miers) Standl.,Wendlandii-Allophyllum,Wendlandii-Allophyllum,,,
Solanum aloysiifolium Dunal,Morelloid,Section Solanum,,,
Solanum alphonsei Dunal,Dulcamaroid,South American,,,
Solanum alpinum Zoll. & Moritzi,Morelloid,Section Solanum,,,
Solanum alternatopinnatum Steud.,Wendlandii-Allophyllum,Wendlandii-Allophyllum,,,
Solanum altissimum BenÕtez,Leptostemonum,Androceras-Crinitum,,,
Solanum amayanum Ochoa,Potato,Petota,,,
Solanum amblophyllum Hook.,Geminata,Geminata,,,
Solanum amblymerum Dunal,Leptostemonum,EHS-Australia,,,
Solanum americanum Mill.,Morelloid,Section Solanum,,,
Solanum amicorum Benth.,Leptostemonum,EHS-Irenosolanum,,,
Solanum ammophilum A.R.Bean,Leptostemonum,EHS-Australia,,,
Solanum amnicola S.Knapp,Geminata,Geminata,,,
Solanum amorimii S.Knapp & Giacomin,Geminata,Geminata,,,
Solanum amotapense Svenson,Cyphomandra,Cyphomandropsis,,,
Solanum amygdalifolium Steud.,Dulcamaroid,South American,,,
Solanum anamatophilum Ochoa,Potato,Petota,,,
Solanum anceps Ruiz & Pav.,Potato,Pteroidea,,,
Solanum ancophilum (Correll) Ochoa,Potato,Petota,,,
Solanum andreanum Baker,Potato,Petota,,,
Solanum anfractum Symon,Leptostemonum,EHS-New Guinea,,,
Solanum anguivi Lam.,Leptostemonum,EHS-Africa,,,
Solanum angustialatum Bitter,Potato,Pteroidea,,,
Solanum angustifidum Bitter,Dulcamaroid,South American,,,
Solanum angustifolium Mill. [3],Leptostemonum,Androceras-Crinitum,,,
Solanum angustum Domin,Leptostemonum,EHS-Australia,,,
Solanum anisocladum Giacomin & Stehmann,Brevantherum,Brevantherum s.s.,,,
Solanum anisophyllum Van Heurck & MÙll.Arg.,Geminata,Geminata,,,
Solanum annuum C.V.Morton,Morelloid,Chamaesarachidium,,,
Solanum anoacanthum Sendtn.,Leptostemonum,Acanthophora,,,
Solanum anomalostemon S.Knapp & M.Nee,Mapiriense,Mapiriense,,,
Solanum anomalum Thonn.,Leptostemonum,EHS-Africa,,,
Solanum antisuyo S?rkinen & S.Knapp,Morelloid,Section Solanum,,,
Solanum apaporanum R.E.Schult.,Leptostemonum,Micracantha,,,
Solanum aparadense L.A.Mentz & M.Nee,Leptostemonum,Acanthophora,,,
Solanum aphyodendron S.Knapp,Geminata,Geminata,,,
Solanum apiahyense Witasek,Brevantherum,Brevantherum s.s.,,,
Solanum apiculatum Sendtn.,Leptostemonum,Erythrotrichum,,,
Solanum apodophyllum A.R.Bean,Leptostemonum,EHS-Australia,,,
Solanum appendiculatum Dunal,Potato,Anarrhichomenum,,,
Solanum appressum K.E.Roe,Brevantherum,Brevantherum s.s.,,,
Solanum arachnidanthum Rusby,Leptostemonum,Micracantha,,,
Solanum arachnoides A.R.Bean,Leptostemonum,EHS-Australia,,,
Solanum arboreum Dunal,Geminata,Geminata,,,
Solanum arcanum Peralta,Potato,Tomato,,,
Solanum arenarium Sendtn.,Geminata,Geminata,,,
Solanum arenicola S?rkinen & P.Gonzàles,Morelloid,Section Solanum,,,
Solanum arequipense Bitter,Morelloid,Section Solanum,,,
Solanum argenteum Dunal,Brevantherum,Brevantherum s.s.,,,
Solanum argentinum Bitter & Lillo,Geminata,Geminata,,,
Solanum argopetalum A.R.Bean,Leptostemonum,EHS-Australia,,,
Solanum aridicola A.R.Bean,Leptostemonum,EHS-Australia,,,
Solanum aridum Morong,Leptostemonum,Carolinense,,,
Solanum armentalis J.L.Gentry & D'Arcy,Brevantherum,Brevantherum s.s.,,,
Solanum armourense A.R.Bean,Leptostemonum,EHS-Australia,,,
Solanum artense Montrouz.,Leptostemonum,EHS-Irenosolanum,,,
Solanum arundo Mattei,Leptostemonum,EHS-Africa,,,
Solanum ashbyae Symon,Leptostemonum,EHS-Australia,,,
Solanum asperolanatum Ruiz & Pav.,Leptostemonum,Torva,,,
Solanum asperrimum Bitter & Moritz,Leptostemonum,Micracantha,,,
Solanum aspersum S.Knapp,Dulcamaroid,Dulcamaroid,,,
Solanum asperum Rich. [3],Brevantherum,Brevantherum s.s.,,,
Solanum asterophorum Mart.,Leptostemonum,Asterophorum,,,
Solanum asteropilodes Bitter,Leptostemonum,Torva,,,
Solanum asymmetriphyllum Specht,Leptostemonum,EHS-Australia,,,
Solanum athenae Symon,Leptostemonum,EHS-New Guinea,,,
Solanum atitlanum K.E.Roe,Brevantherum,Brevantherum s.s.,,,
Solanum atriplicifolium Gillies ex Nees,Morelloid,Section Solanum,,,
Solanum atropurpureum Schrank,Leptostemonum,Acanthophora,,,
Solanum aturense Dunal,Leptostemonum,Micracantha,,,
Solanum augustii Ochoa,Potato,Petota,,,
Solanum aureitomentosum Bitter,Leptostemonum,EHS-Africa,,,
Solanum aureum Dunal,Dulcamaroid,South American,,,
Solanum austro-caledonicum Seem.,Leptostemonum,EHS-Irenosolanum,,,
Solanum austropiceum A.R.Bean,Leptostemonum,EHS-Australia,,,
Solanum aviculare G.Forst.,Archaesolanum,Archaesolanum,,,
Solanum axillifolium K.E.Roe,Brevantherum,Brevantherum s.s.,,,
Solanum ayacuchense Ochoa,Potato,Petota,,,
Solanum bahamense L.,Leptostemonum,Bahamense,,,
Solanum bahianum S.Knapp,Geminata,Geminata,,,
Solanum banzicum A.R.Bean,Leptostemonum,EHS-Australia,,,
Solanum barbeyanum Huber,Wendlandii-Allophyllum,Wendlandii-Allophyllum,,,
Solanum barbisetum Nees,Leptostemonum,EHS-Tropical Asia,,,
Solanum barbulatum Zahlbr.,Geminata,Geminata,,,
Solanum baretiae Tepe,Potato,Anarrhichomenum,,,
Solanum basendopogon Bitter,Potato,Basarthrum,,,
Solanum batoides D'Arcy & Rakot.,Leptostemonum,EHS-Madagascar,,,
Solanum bauerianum Endl.,Leptostemonum,EHS-Irenosolanum,,,
Solanum beaugleholei Symon,Leptostemonum,EHS-Australia,,,
Solanum bellum S.Knapp,Geminata,Geminata,,,
Solanum berthaultii Hawkes,Potato,Petota,,,
Solanum betaceum Cav.,Cyphomandra,Pachyphylla,,,
Solanum betroka D'Arcy & Rakot.,African non-spiny,African non-spiny,,,
Solanum bicolor Willd.,Brevantherum,Brevantherum s.s.,,,
Solanum bicorne Dunal,Wendlandii-Allophyllum,Wendlandii-Allophyllum,,,
Solanum bistellatum L.B.Sm. & Downs,Leptostemonum,Torva,,,
Solanum boldoense Dunal & A.DC.,Dulcamaroid,South American,,,
Solanum bolivianum Britton ex Rusby,Leptostemonum,Torva,,,
Solanum boliviense Dunal,Potato,Petota,,,
Solanum bombycinum Ochoa,Potato,Petota,,,
Solanum bonariense L.,Leptostemonum,Torva,,,
Solanum borgmannii Symon,Leptostemonum,EHS-New Guinea,,,
Solanum brachyantherum Phil.,Potato,Regmandra,,,
Solanum bradei Giacomin & Stehmann,Brevantherum,Inornatum,,,
Solanum brevicaule Bitter,Potato,Petota,,,
Solanum brevifolium Dunal,Potato,Anarrhichomenum,,,
Solanum brevipedicellatum K.E.Roe,Brevantherum,Brevantherum s.s.,,,
Solanum brownii Dunal,Leptostemonum,EHS-Australia,,,
Solanum buddleifolium Sendtn.,Leptostemonum,Thomasiifolium,,,
Solanum buesii Vargas,Potato,Petota,,,
Solanum bulbocastanum Dunal,Potato,Petota,,,
Solanum bullatum Vell.,Brevantherum,Brevantherum s.s.,,,
Solanum bumeliifolium Dunal,Leptostemonum,EHS-Madagascar,,,
Solanum burchellii Dunal,Leptostemonum,EHS-Africa,,,
Solanum burkartii Ochoa,Potato,Petota,,,
Solanum caatingae S.Knapp & S?rkinen,Morelloid,Section Solanum,,,
Solanum caavurana Vell.,Geminata,Geminata,,,
Solanum cacosmum Bohs,Cyphomandra,Pachyphylla,,,
Solanum caelicolum Giacomin & Stehmann,Brevantherum,Brevantherum s.s.,,,
Solanum caesium Griseb.,Morelloid,Section Solanum,,,
Solanum cajamarquense Ochoa,Potato,Petota,,,
Solanum cajanumense Kunth,Cyphomandra,Pachyphylla,,,
Solanum caldense Carvalho,Brevantherum,Brevantherum s.s.,,,
Solanum calidum Bohs,Cyphomandra,Pachyphylla,,,
Solanum calileguae Cabrera,Dulcamaroid,South American,,,
Solanum callianthum C.V.Morton,Geminata,Geminata,,,
Solanum callosum A.R.Bean,Leptostemonum,EHS-Australia,,,
Solanum campaniforme Roem. & Schult.,Geminata,Geminata,,,
Solanum campanulatum R.Br.,Leptostemonum,EHS-Australia,,,
Solanum campechiense L. [3],Leptostemonum,Campechiense,,,
Solanum camptostylum Bitter,Leptostemonum,EHS-Irenosolanum,,,
Solanum campylacanthum Hochst. ex A.Rich. [3],Leptostemonum,EHS-Africa,,,
Solanum camranhense Dy Phon & Hul,Leptostemonum,EHS-Tropical Asia,,,
Solanum candidum Lindl.,Leptostemonum,Lasiocarpa,,,
Solanum candolleanum Berthault,Potato,Petota,,,
Solanum canense Rydb.,Potato,Basarthrum,,,
Solanum canoasense L.B.Sm. & Downs,Geminata,Geminata,,,
Solanum cantense Ochoa,Potato,Petota,,,
Solanum capense L.,Leptostemonum,EHS-Africa,,,
Solanum capillipes Britton,Geminata,Geminata,,,
Solanum capitaneum A.R.Bean,Leptostemonum,EHS-Australia,,,
Solanum capoerum Dunal,Brevantherum,Brevantherum s.s.,,,
Solanum capsiciforme (Domin) G.T.S.Baylis,Archaesolanum,Archaesolanum,,,
Solanum capsicoides All.,Leptostemonum,Acanthophora,,,
Solanum carautae Carvalho,Brevantherum,Brevantherum s.s.,,,
Solanum cardiophyllum Lindl.,Potato,Petota,,,
Solanum carduiforme F.Muell.,Leptostemonum,EHS-Australia,,,
Solanum caricaefolium Rusby,Leptostemonum,Torva,,,
Solanum caripense Dunal,Potato,Basarthrum,,,
Solanum carolinense L.,Leptostemonum,Carolinense,,,
Solanum cassioides L.B.Sm. & Downs,Geminata,Geminata,,,
Solanum castaneum Carvalho,Brevantherum,Brevantherum s.s.,,,
Solanum cataphractum A.Cunn. ex Benth.,Leptostemonum,EHS-Australia,,,
Solanum catilliflorum G.J.Anderson, Martine, Prohens & Nuez,Potato,Basarthrum,
Solanum catombelense Peyr.,Leptostemonum,EHS-Africa,,,
Solanum caumii (F.Br.) D.McClelland,Leptostemonum,,,,
Solanum celatum A.R.Bean,Leptostemonum,EHS-Australia,,,
Solanum celsum Standl. & C.V.Morton,Brevantherum,Brevantherum s.s.,,,
Solanum centrale J.M.Black,Leptostemonum,EHS-Australia,,,
Solanum cerasiferum Dunal,Leptostemonum,EHS-Africa,,,
Solanum cernuum Vell.,Brevantherum,Brevantherum s.s.,,,
Solanum chachapoyasense Bitter,Potato,Anarrhichomenum,,,
Solanum chacoense Bitter,Potato,Petota,,,
Solanum chaetophorum C.V.Morton,Leptostemonum,Acanthophora,,,
Solanum chalmersii S.Knapp,Geminata,Geminata,,,
Solanum chamaeacanthum Griseb.,Leptostemonum,CarolinenseÊ,,,
Solanum chamaepolybotryon Bitter,Potato,Pteroidea,,,
Solanum cheesmaniae (L.Riley) Fosberg,Potato,Tomato,,,
Solanum chenopodinum F.Muell.,Leptostemonum,EHS-Australia,,,
Solanum chenopodioides Lam.,Morelloid,Section Solanum,,,
Solanum chiapasense K.E.Roe,Brevantherum,Brevantherum s.s.,,,
Solanum chilense (Dunal) Reiche,Potato,Tomato,,,
Solanum chillagoense (Domin) A.R.Bean,Leptostemonum,EHS-Australia,,,
Solanum chilliasense Ochoa,Potato,Petota,,,
Solanum chimborazense Bitter & Sodiro,Potato,Anarrhichomenum,,,
Solanum chippendalei Symon,Leptostemonum,EHS-Australia,,,
Solanum chiquidenum Ochoa,Potato,Petota,,,
Solanum chlamydogynum Bitter,Geminata,Geminata,,,
Solanum chmielewskii (C.M.Rick, Kesicki, Fobes & M.Holle) D.M.Spooner, G.J.Anderson & R.K.Jansen,Potato,Tomato
Solanum chomatophilum Bitter,Potato,Petota,,,
Solanum chrysotrichum Schltdl.,Leptostemonum,Torva,,,
Solanum cinereum R.Br.,Leptostemonum,EHS-Australia,,,
Solanum cinnamomeum Sendtn.,Brevantherum,Brevantherum s.s.,,,
Solanum citrinum M.Nee,Leptostemonum,Acanthophora,,,
Solanum citrullifolium A.Braun,Leptostemonum,Androceras-Crinitum,,,
Solanum cladotrichum Dunal,Brevantherum,Brevantherum s.s.,,,
Solanum clandestinum Bohs,Mapiriense,Mapiriense,,,
Solanum clarkiae Symon,Leptostemonum,EHS-Australia,,,
Solanum clarum Correll,Potato,Petota,,,
Solanum clathratum Sendtn.,Brevantherum,Brevantherum s.s.,,,
Solanum cleistogamum Symon,Leptostemonum,EHS-Australia,,,
Solanum clivorum S.Knapp,Geminata,Geminata,,,
Solanum coactiliferum J.M.Black,Leptostemonum,EHS-Australia,,,
Solanum coagulans Forssk.,Leptostemonum,EHS-Africa,,,
Solanum coalitum S.Knapp,Dulcamaroid,Nitidum,,,
Solanum cobanense J.L.Gentry,Wendlandii-Allophyllum,Wendlandii-Allophyllum,,,
Solanum cochabambense Bitter,Morelloid,Section Solanum,,,
Solanum cochoae G.J.Anderson & Bernardello,Potato,Basarthrum,,,
Solanum cocosoides A.R.Bean,Leptostemonum,EHS-Australia,,,
Solanum colombianum Dunal,Potato,Petota,,,
Solanum comarapanum M.Nee,Leptostemonum,Torva,,,
Solanum comitis Dunal,Leptostemonum,EHS-Tropical Asia,,,
Solanum commersonii Poir.,Potato,Petota,,,
Solanum complectens M.Nee & G.J.Anderson,Potato,Anarrhichomenum,,,
Solanum compressum L.B.Sm. & Downs,Geminata,Geminata,,,
Solanum comptum C.V.Morton,Leptostemonum,Carolinense,,,
Solanum concarense Hunz.,Morelloid,Section Solanum,,,
Solanum concinnum Schott ex Sendtn.,Brevantherum,Brevantherum s.s.,,,
Solanum confertiseriatum Bitter,Geminata,Geminata,,,
Solanum confine Dunal,Geminata,Geminata,,,
Solanum confusum C.V.Morton,Cyphomandra,Cyphomandropsis,,,
Solanum conglobatum Dunal,Brevantherum,Brevantherum s.s.,,,
Solanum conicum Ruiz & Pav.,Potato,Pteroidea,,,
Solanum conocarpum Dunal,Geminata,Geminata,,,
Solanum consimile C.V.Morton,Leptostemonum,Torva,,,
Solanum contumazaense Ochoa,Potato,Petota,,,
Solanum cookii Symon,Leptostemonum,EHS-Australia,,,
Solanum coquimbense J.R.Benn.,Potato,Regmandra,,,
Solanum coracinum Symon,Leptostemonum,EHS-Australia,,,
Solanum cordatum Forssk.,Leptostemonum,EHS-Asia  ,,,
Solanum cordicitum S.Stern,Leptostemonum,Androceras-Crinitum,,,
Solanum cordifolium Dunal,Leptostemonum,Erythrotrichum,,,
Solanum cordioides S.Knapp,Geminata,Geminata,,,
Solanum cordovense Sess? & Moc.,Brevantherum,Brevantherum s.s.,,,
Solanum coriaceum Dunal,Leptostemonum,Androceras-Crinitum,,,
Solanum corifolium F.Muell.,Leptostemonum,EHS-Australia,,,
Solanum corneliomulleri J.F.Macbr.,Potato,Tomato,,,
Solanum cornifolium Dunal,Geminata,Geminata,,,
Solanum corumbense S.Moore,Geminata,Geminata,,,
Solanum corymbiflorum (Sendtn.) Bohs,Cyphomandra,Pachyphylla,,,
Solanum corymbosum Jacq.,Morelloid,Radicans group,,,
Solanum costatum M.Nee,Leptostemonum,Erythrotrichum,,,
Solanum cowiei Martine,Leptostemonum,EHS-Australia,,,
Solanum crassinervium Tepe,Potato,Herpystichum,,,
Solanum crassitomentosum Domin,Leptostemonum,EHS-Australia,,,
Solanum crebrispinum A.R.Bean,Leptostemonum,EHS-Australia,,,
Solanum crinitipes Dunal,Leptostemonum,Torva,,,
Solanum crinitum Lam.,Leptostemonum,Androceras-Crinitum,,,
Solanum crispum Ruiz & Pav.,Dulcamaroid,Nitidum,,,
Solanum croatii D'Arcy & R.C.Keating,Leptostemonum,EHS-Madagascar,,,
Solanum crotonifolium Dunal,Leptostemonum,Torva,,,
Solanum crotonoides Lam.,Leptostemonum,Crotonoides,,,
Solanum cruciferum Bitter,Geminata,Geminata,,,
Solanum cucullatum S.Knapp,Geminata,Geminata,,,
Solanum cunninghamii Benth.,Leptostemonum,EHS-Australia,,,
Solanum curtilobum Juz. & Bukasov,Potato,Petota,,,
Solanum curvicuspe Domin,Leptostemonum,EHS-Australia,,,
Solanum cutervanum Zahlbr.,Dulcamaroid,Nitidum,,,
Solanum cyaneopurpureum De Wild.,Leptostemonum,EHS-Africa,,,
Solanum cyanocarphium Blume,Leptostemonum,EHS-Tropical Asia,,,
Solanum cyathophorum M.Nee & Farruggia,Leptostemonum,Androceras-Crinitum,,,
Solanum cyclophyllum S.Knapp,Geminata,Geminata,,,
Solanum cylindricum Vell.,Cyphomandra,Pachyphylla,,,
Solanum cymbalariifolium Chiov.,Leptostemonum,EHS-Africa,,,
Solanum dalibardiforme Bitter,Potato,Herpystichum,,,
Solanum dallmannianum Warb.,Leptostemonum,EHS-New Guinea,,,
Solanum dammerianum Lauterb. & K.Schum.,Leptostemonum,Torva,,,
Solanum daphnophyllum Bitter,Geminata,Geminata,,,
Solanum darienense S.Knapp,Geminata,Geminata,,,
Solanum dasyanthum Brandegee,Leptostemonum,Gardneri,,,
Solanum dasyneuron S.Knapp,Geminata,Geminata,,,
Solanum dasyphyllum Schumach. & Thonn.,Leptostemonum,EHS-Africa,,,
Solanum davidsei Carvalho,Brevantherum,Brevantherum s.s.,,,
Solanum davisense Whalen,Leptostemonum,Androceras-Crinitum,,,
Solanum decompositiflorum Sendtn.,Leptostemonum,Erythrotrichum,,,
Solanum decorum Sendtn.,Leptostemonum,Erythrotrichum,,,
Solanum defensum F.Muell.,Leptostemonum,EHS-Australia,,,
Solanum deflexicarpum C.Y.Wu & S.C.Huang,Leptostemonum,EHS-Tropical Asia,,,
Solanum deflexiflorum Bitter,Geminata,Geminata,,,
Solanum deflexum Greenm.,Brevantherum,Gonatotrichum,,,
Solanum delicatulum L.B.Sm. & Downs,Geminata,Geminata,,,
Solanum delitescens C.V.Morton,Geminata,Reductum,,,
Solanum demissum Lindl.,Potato,Petota,,,
Solanum dendroicum O.E.Schulz & Ekman,Leptostemonum,Crotonoides,,,
Solanum dennekense Dammer,Leptostemonum,EHS-Africa,,,
Solanum denseaculeatum Symon,Leptostemonum,EHS-New Guinea,,,
Solanum densevestitum F.Muell. ex Benth.,Leptostemonum,EHS-Australia,,,
Solanum depauperatum Dunal,Leptostemonum,Thomasiifolium,,,
Solanum diamantinense Agra,Leptostemonum,Erythrotrichum,,,
Solanum dianthum Rusby,Morelloid,Section Solanum,,,
Solanum dichroandrum Dunal,Dulcamaroid,South American,,,
Solanum didymum Dunal,Brevantherum,Brevantherum s.s.,,,
Solanum dillonii S.Knapp,Brevantherum,Brevantherum s.s.,,,
Solanum dimidiatum Raf.,Leptostemonum,Carolinense,,,
Solanum dimorphandrum S.Knapp,Thelopodium,Thelopodium,,,
Solanum dimorphispinum C.T.White,Leptostemonum,EHS-Australia,,,
Solanum dioicum W.Fitzg.,Leptostemonum,EHS-Australia,,,
Solanum diphyllum L. [4],Geminata,Geminata,,,
Solanum diploconos (Mart.) Bohs,Cyphomandra,Pachyphylla,,,
Solanum discolor R.Br.,Leptostemonum,EHS-Australia,,,
Solanum dissectum Symon,Leptostemonum,EHS-Australia,,,
Solanum dissimile C.V.Morton,Geminata,Geminata,,,
Solanum distichophyllum Sendtn.,Brevantherum,Brevantherum s.s.,,,
Solanum ditrichum A.R.Bean,Leptostemonum,EHS-Australia,,,
Solanum diversiflorum F.Muell.,Leptostemonum,EHS-Australia,,,
Solanum diversifolium Dunal,Cyphomandra,Pachyphylla,,,
Solanum dolichocremastrum Bitter,Potato,Petota,,,
Solanum dolichorhachis Bitter,Potato,Herpystichum,,,
Solanum dolichosepalum Bitter,Leptostemonum,Torva,,,
Solanum dolosum S.Knapp,Geminata,Geminata,,,
Solanum donianum Walp.,Leptostemonum,Torva,,,
Solanum douglasii Dunal,Morelloid,Section Solanum,,,
Solanum dryanderense A.R.Bean,Leptostemonum,EHS-Australia,,,
Solanum dulcamara L.,Dulcamaroid,Dulcamaroid,,,
Solanum dulcamaroides Poir.,Dulcamaroid,South American,,,
Solanum dumicola A.R.Bean,Leptostemonum,EHS-Australia,,,
Solanum dunalianum Gaudich.,Leptostemonum,EHS-Dunaliana,,,
Solanum dysprosium A.R.Bean,Leptostemonum,EHS-Australia,,,
Solanum eardleyae Symon,Leptostemonum,EHS-Australia,,,
Solanum eburneum Symon,Leptostemonum,EHS-Australia,,,
Solanum echegarayi Hieron.,Morelloid,Episarcophyllum,,,
Solanum echinatum R.Br.,Leptostemonum,EHS-Australia,,,
Solanum edmondstonii Hook.f.,Potato,Regmandra,,,
Solanum edmundoi Cuevas & N.M.NÏÐez,Wendlandii-Allophyllum,Wendlandii-Allophyllum,,,
Solanum ehrenbergii (Bitter) Rydb.,Potato,Petota,,,
Solanum eitenii Agra,Leptostemonum,Erythrotrichum,,,
Solanum elachophyllum F.Muell.,Leptostemonum,EHS-Australia,,,
Solanum elaeagnifolium Cav.,Leptostemonum,Elaeagnifolium,,,
Solanum elatius A.R.Bean,Leptostemonum,EHS-Australia,,,
Solanum elegans Dunal,,,,,
Solanum ellipticum R.Br.,Leptostemonum,EHS-Australia,,,
Solanum elvasioides S.Knapp,Geminata,Geminata,,,
Solanum eminens A.R.Bean,Leptostemonum,EHS-Australia,,,
Solanum emmottii A.R.Bean,Leptostemonum,EHS-Australia,,,
Solanum emulans Raf.,Morelloid,Section Solanum,,,
Solanum enantiophyllanthum Bitter,Morelloid,Section Solanum,,,
Solanum endoadenium Bitter,Dulcamaroid,South American,,,
Solanum endopogon (Bitter) Bohs,Cyphomandra,Pachyphylla,,,
Solanum ensifolium Dunal,Leptostemonum,Bahamense,,,
Solanum eremophilum F.Muell.,Leptostemonum,EHS-Australia,,,
Solanum erianthum D.Don,Brevantherum,Brevantherum s.s.,,,
Solanum erosomarginatum S.Knapp,Geminata,Geminata,,,
Solanum erythracanthum Dunal,Leptostemonum,EHS-Madagascar,,,
Solanum erythrotrichum Fernald,Leptostemonum,Erythrotrichum,,,
Solanum esuriale Lindl.,Leptostemonum,EHS-Australia,,,
Solanum etuberosum Lindl.,Potato,Etuberosum,,,
Solanum euacanthum Phil.,Leptostemonum,Sisymbriifolium,,,
Solanum evolvulifolium Greenm.,Potato,Herpystichum,,,
Solanum evolvuloides Giacomin & Stehmann,Brevantherum,Gonatotrichum,,,
Solanum evonymoides Sendtn.,Geminata,Geminata,,,
Solanum exemptum A.R.Bean,Leptostemonum,EHS-Australia,,,
Solanum exiguum Bohs,Cyphomandra,Pachyphylla,,,
Solanum expedunculatum Symon,Leptostemonum,EHS-New Guinea,,,
Solanum falciforme Farruggia,Leptostemonum,Androceras-Crinitum,,,
Solanum falconense S.Knapp,Geminata,Geminata,,,
Solanum fallax Bohs,Cyphomandra,Pachyphylla,,,
Solanum fecundum A.R.Bean,Leptostemonum,EHS-Australia,,,
Solanum felinum Bitter ex Whalen,Leptostemonum,Lasiocarpa,,,
Solanum fernandesii V.S.Samp. & R.Moura,Leptostemonum,Gardneri,,,
Solanum fernandezianum Phil.,Potato,Etuberosum,,,
Solanum ferocissimum Lindl.,Leptostemonum,EHS-Australia,,,
Solanum ferrugineum Jacq.,Leptostemonum,Torva,,,
Solanum fervens A.R.Bean,Leptostemonum,EHS-Australia,,,
Solanum fiebrigii Bitter,Morelloid,Section Solanum,,,
Solanum filiforme Ruiz & Pav.,Potato,Basarthrum,,,
Solanum filirhachis Giacomin & Stehmann,Geminata,Geminata,,,
Solanum flaccidum Vell.,Dulcamaroid,South American,,,
Solanum flagellare Sendtn.,Leptostemonum,Sisymbriifolium ,,,
Solanum flahaultii Bitter,Potato,Petota,,,
Solanum flexicaule Benth.,Leptostemonum,Micracantha,,,
Solanum foetens Pittier ex S.Knapp,Geminata,Geminata,,,
Solanum forskalii Dunal,Leptostemonum,EHS-Africa,,,
Solanum fortunense Bohs,Cyphomandra,Pachyphylla,,,
Solanum fosbergianum,Leptostemonum,Torva,,,
Solanum fragile Wedd.,Morelloid,Section Solanum,,,
Solanum francisii A.R.Bean,Leptostemonum,EHS-Australia,,,
Solanum fraxinifolium Dunal,Potato,Basarthrum,,,
Solanum friburgense Giacomin & Stehmann,Brevantherum,Inornatum,,,
Solanum fructu-tecto Cav.,Leptostemonum,Androceras-Crinitum,,,
Solanum fulvidum Bitter,Leptostemonum,Erythrotrichum,,,
Solanum furcatum Dunal,Morelloid,Section Solanum,,,
Solanum furfuraceum R.Br.,Leptostemonum,EHS-Australia,,,
Solanum fusiforme L.B.Sm. & Downs,Cyphomandra,Pachyphylla,,,
Solanum gabrielae Domin,Leptostemonum,EHS-Australia,,,
Solanum galactites A.R.Bean,Leptostemonum,EHS-Australia,,,
Solanum galapagense S.C.Darwin & Peralta,Potato,Tomato,,,
Solanum galbinum A.R.Bean,Leptostemonum,EHS-Australia,,,
Solanum gandarillasii Càrdenas,Potato,Petota,,,
Solanum garcia-barrigae Ochoa,Potato,Petota,,,
Solanum gardneri Sendtn.,Leptostemonum,Gardneri,,,
Solanum gertii S.Knapp,Geminata,Geminata,,,
Solanum gibbsiae J.R.Drumm.,Leptostemonum,EHS-New Guinea,,,
Solanum giganteum Jacq.,Leptostemonum,EHS-Africa,,,
Solanum gilesii Symon,Leptostemonum,EHS-Australia,,,
Solanum gilioides Rusby,Morelloid,Section Solanum,,,
Solanum glabratum Dunal,Leptostemonum,EHS-Africa,,,
Solanum glandulosipilosum Bitter,Morelloid,Section Solanum,,,
Solanum glaucescens Zucc.,Wendlandii-Allophyllum,Wendlandii-Allophyllum,,,
Solanum glaucophyllum Desf.,Cyphomandra,Cyphomandropsis,,,
Solanum glutinosum Dunal,Leptostemonum,Torva,,,
Solanum gnaphalocarpon Vell.,Geminata,Geminata,,,
Solanum goetzei Dammer,Leptostemonum,EHS-Africa,,,
Solanum gomphodes Dunal,Leptostemonum,Androceras-Crinitum,,,
Solanum goniocaulon S.Knapp,Geminata,Geminata,,,
Solanum gonocladum Dunal,Morelloid,Section Solanum,,,
Solanum gonyrhachis S.Knapp,Geminata,Geminata,,,
Solanum goodspeedii K.E.Roe,Brevantherum,Brevantherum s.s.,,,
Solanum graciliflorum Dunal,Leptostemonum,EHS-Tropical Asia,,,
Solanum gracilifrons Bitter,Potato,Petota,,,
Solanum grandidentatum Phil.,Morelloid,Section Solanum,,,
Solanum grandiflorum Ruiz & Pav. [3],Leptostemonum,Androceras-Crinitum,,,
Solanum graniticola V.S.Samp. & Gouvêa,Leptostemonum,Thomasiifolium,,,
Solanum graniticum A.R.Bean,Leptostemonum,EHS-Australia,,,
Solanum granuloso-leprosum Dunal,Brevantherum,Brevantherum s.s.,,,
Solanum gratum Bitter,Geminata,Geminata,,,
Solanum graveolens Bunbury,Wendlandii-Allophyllum,Wendlandii-Allophyllum,,,
Solanum grayi Rose,Leptostemonum,Androceras-Crinitum,,,
Solanum guamense Merr.,Leptostemonum,EHS-Irenosolanum,,,
Solanum guaraniticum A.St.-Hil.,Leptostemonum,Torva,,,
Solanum guerreroense Correll,Potato,Petota,,,
Solanum guineense L. [3],African non-spiny,African non-spiny,,,
Solanum gundlachii Urb.,Leptostemonum,Leptostemonum_unplaced,,,
Solanum gympiense Symon,Leptostemonum,EHS-Australia,,,
Solanum habrocaulon S.Knapp,Geminata,Geminata,,,
Solanum habrochaites S.Knapp & D.M.Spooner,Potato,Tomato,,,
Solanum hamulosum C.T.White,Leptostemonum,EHS-Australia,,,
Solanum hapalum A.R.Bean,Leptostemonum,EHS-Australia,,,
Solanum harmandii Bonati,Leptostemonum,EHS-Tropical Asia,,,
Solanum hasslerianum Chodat,Leptostemonum,Sisymbriifolium,,,
Solanum hastifolium Hochst. ex Dunal,Leptostemonum,EHS-Africa,,,
Solanum hastiforme Correll,Potato,Petota,,,
Solanum havanense Jacq.,Geminata,Geminata,,,
Solanum hayesii Fernald,Leptostemonum,Torva,,,
Solanum hazenii Britton,Brevantherum,Brevantherum s.s.,,,
Solanum heinianum D'Arcy & R.C.Keating,Leptostemonum,EHS-Madagascar,,,
Solanum heiseri G.J.Anderson,Potato,Basarthrum,,,
Solanum heleonastes S.Knapp,Geminata,Geminata,,,
Solanum herbabona Reiche,Potato,Regmandra,,,
Solanum herculeum Bohs,Normania,Normania,,,
Solanum hesperium Symon,Leptostemonum,EHS-Australia,,,
Solanum heterodoxum Dunal,Leptostemonum,Androceras-Crinitum,,,
Solanum heteropodium Symon,Leptostemonum,EHS-Australia,,,
Solanum hexandrum Vell.,Leptostemonum,Erythrotrichum,,,
Solanum hibernum Bohs,Cyphomandra,Cyphomandropsis,,,
Solanum hieronymi Kuntze,Leptostemonum,Hieronymi,,,
Solanum hillebrandii H.St.John,Leptostemonum,EHS-Irenosolanum,,,
Solanum hindsianum Benth.,Leptostemonum,Elaeagnifolium,,,
Solanum hintonii Correll,Potato,Petota,,,
Solanum hirtellum (Spreng.) Hassl.,Brevantherum,Brevantherum s.s.,,,
Solanum hirtulum Steud. ex A.Rich.,Morelloid,Section Solanum,,,
Solanum hirtum Vahl,Leptostemonum,Lasiocarpa,,,
Solanum hjertingii Hawkes,Potato,Petota,,,
Solanum hoehnei C.V.Morton,Nemorense,Nemorense,,,
Solanum hoffmanseggii Sendtn.,Brevantherum,Brevantherum s.s.,,,
Solanum homalospermum Chiarini,Leptostemonum,Elaeagnifolium,,,
Solanum hoplopetalum Bitter & Summerh.,Leptostemonum,EHS-Australia,,,
Solanum horridum Dunal,Leptostemonum,EHS-Australia,,,
Solanum hougasii Correll,Potato,Petota,,,
Solanum houstonii Martyn,Leptostemonum,Elaeagnifolium,,,
Solanum hovei Dunal,Leptostemonum,EHS-Tropical Asia,,,
Solanum huancabambense Ochoa,Potato,Petota,,,
Solanum huayavillense Del Vitto & Peten.,Morelloid,Section Solanum,,,
Solanum huaylasense Peralta,Potato,Tomato,,,
Solanum hugonis Heine,Leptostemonum,EHS-Irenosolanum,,,
Solanum huilense Bohs,Cyphomandra,Pachyphylla,,,
Solanum humblotii Dammer,African non-spiny,African non-spiny,,,
Solanum humboldtianum Granados-Tochoy & S.Knapp,Geminata,Geminata,,,
Solanum humectophilum Ochoa,Potato,Petota,,,
Solanum humile Lam.,Leptostemonum,EHS-Africa,,,
Solanum hunzikeri Chiarini & Cantero,Morelloid,,,,
Solanum hutchisonii (J.F.Macbr.) Bohs,Cyphomandra,Cyphomandropsis,,,
Solanum hydroides  Gouvêa & Giacomin,Leptostemonum,,,,
Solanum hypacrarthrum Bitter,Potato,Petota,,,
Solanum hypaleurotrichum Bitter,Geminata,Geminata,,,
Solanum hypocalycosarcum Bitter,Geminata,Geminata,,,
Solanum hyporhodium A.Braun & C.D.Bouch?,Leptostemonum,Lasiocarpa,,,
Solanum hystrix R.Br.,Leptostemonum,EHS-Australia,,,
Solanum igniferum Gouva & Stehmann,Leptostemonum,Asterophorum,,,
Solanum iltisii K.E.Roe,Brevantherum,Brevantherum s.s.,,,
Solanum imamense Dunal,African non-spiny,African non-spiny,,,
Solanum imbaburense S.Knapp,Dulcamaroid,Nitidum,,,
Solanum imberbe Bitter,Geminata,Geminata,,,
Solanum immite Dunal,Potato,Petota,,,
Solanum inaequilaterum Domin,Leptostemonum,EHS-Australia,,,
Solanum inaequiradians Werderm.,Leptostemonum,EHS-Africa,,,
Solanum inamoenum Benth.,Leptostemonum,EHS-Irenosolanum,,,
Solanum incanoalabastrum Symon,Leptostemonum,EHS-Dunaliana,,,
Solanum incanum L. [4],Leptostemonum,EHS-Africa,,,
Solanum incarceratum Ruiz & Pav.,Leptostemonum,Acanthophora,,,
Solanum incasicum Ochoa,Potato,Petota,,,
Solanum incompletum Dunal,Leptostemonum,EHS-Irenosolanum,,,
Solanum incomptum Bitter,Geminata,Geminata,,,
Solanum incurvum Ruiz & Pav.,Potato,Pteroidea,,,
Solanum indivisum Witasek ex J.R.Benn.,Potato,Regmandra,,,
Solanum inelegans Rusby,Brevantherum,Brevantherum s.s.,,,
Solanum infundibuliforme Phil.,Potato,Petota,,,
Solanum infuscatum Symon,Leptostemonum,EHS-New Guinea,,,
Solanum innoxium A.R.Bean,Leptostemonum,EHS-Australia,,,
Solanum inodorum Vell.,Dulcamaroid,South American,,,
Solanum inornatum Witasek,Brevantherum,Inornatum,,,
Solanum insanum L.,Leptostemonum,EHS-Tropical Asia,,,
Solanum insidiosum Mart.,Leptostemonum,Erythrotrichum,,,
Solanum insulae-pinorum Heine,Leptostemonum,EHS-Irenosolanum,,,
Solanum interandinum Bitter,Morelloid,Section Solanum,,,
Solanum interius Rydb.,Morelloid,Section Solanum,,,
Solanum intermedium Sendtn.,Geminata,Geminata,,,
Solanum intonsum A.R.Bean,Leptostemonum,EHS-Australia,,,
Solanum invictum A.R.Bean,Leptostemonum,EHS-Australia,,,
Solanum involucratum Blume,Leptostemonum,EHS-Tropical Asia,,,
Solanum iodinum A.R.Bean,Leptostemonum,EHS-Australia,,,
Solanum iodotrichum Van Heurck & MÙll.Arg.,Leptostemonum,Torva,,,
Solanum ionidium Bitter,Potato,Anarrhichomenum,,,
Solanum iopetalum (Bitter) Hawkes,Potato,Petota,,,
Solanum irregulare C.V.Morton,Geminata,Geminata,,,
Solanum isodynamum Sendtn.,Brevantherum,Brevantherum s.s.,,,
Solanum itatiaiae Dus,Brevantherum,Brevantherum s.s.,,,
Solanum ivohibe,African non-spiny,African non-spiny,,,
Solanum jabrense Agra & M.Nee,Leptostemonum,Erythrotrichum,,,
Solanum jamaicense Mill.,Leptostemonum,Micracantha,,,
Solanum jamesii Torr.,Potato,Petota,,,
Solanum jobsonii Martine, J.Cantley & L.M.Lacey,Leptostemonum,Australia,,
Solanum johnsonianum A.R.Bean,Leptostemonum,EHS-Australia,,,
Solanum johnstonii Whalen,Leptostemonum,Androceras-Crinitum,,,
Solanum jubae Bitter,Leptostemonum,EHS-Africa,,,
Solanum jucundum A.R.Bean,Leptostemonum,EHS-Australia,,,
Solanum juglandifolium Dunal,Potato,Tomato,,,
Solanum julocrotonoides Hassl.,Brevantherum,Brevantherum s.s.,,,
Solanum junctum S.Stern & M.Nee,Leptostemonum,Torva,,,
Solanum juninense Bitter,Morelloid,Section Solanum,,,
Solanum jussiaei Dunal,Leptostemonum,Micracantha,,,
Solanum juvenale Thell.,Leptostemonum,Carolinense,,,
Solanum juzepczukii Bukasov,Potato,Petota,,,
Solanum karsense Symon,Leptostemonum,EHS-Australia,,,
Solanum kentrocaule A.R.Bean,Leptostemonum,EHS-Australia,,,
Solanum kioniotrichum Bitter ex J.F.Macbr.,Leptostemonum,Androceras-Crinitum,,,
Solanum kleinii L.B.Sm. & Downs,Geminata,Geminata,,,
Solanum knappiae Agra & V.S.Samp.,Geminata,Geminata,,,
Solanum knoblochii (Whalen) S.Stern,Leptostemonum,Androceras-Crinitum,,,
Solanum kollastrum Gouva & Giacomin,Leptostemonum,Erythrotrichum,,,
Solanum kriegeri Giacomin & Stehmann,Brevantherum,Inornatum,,,
Solanum kulliwaita S.Knapp,Dulcamaroid,Dulcamaroid,,,
Solanum kurtzianum Bitter & Wittm.,Potato,Petota,,,
Solanum labyrinthinum D.McClelland,Leptostemonum,,,,
Solanum lacerdae Dus?n,Brevantherum,Brevantherum s.s.,,,
Solanum lachnophyllum Symon,Leptostemonum,EHS-Australia,,,
Solanum laciniatum Aiton,Archaesolanum,Archaesolanum,,,
Solanum lacteum Vell.,Geminata,Geminata,,,
Solanum lacunarium F.Muell.,Leptostemonum,EHS-Australia,,,
Solanum laevigatum Dunal,Geminata,Geminata,,,
Solanum lagoense Stehmann,Geminata,Geminata,,,
Solanum lamprocarpum Bitter,Leptostemonum,EHS-Africa,,,
Solanum lanceifolium Jacq.,Leptostemonum,Micracantha,,,
Solanum lanceolatum Cav.,Leptostemonum,Torva,,,
Solanum lantana Sendtn.,Brevantherum,Brevantherum s.s.,,,
Solanum lanzae J.-P.Lebrun & Stork,Leptostemonum,EHS-Africa,,,
Solanum lapidosum A.R.Bean,Leptostemonum,EHS-Australia,,,
Solanum lasiocarpum Dunal,Leptostemonum,Lasiocarpa,,,
Solanum lasiocladum S.Knapp,Geminata,Geminata,,,
Solanum lasiophyllum Dunal,Leptostemonum,EHS-Australia,,,
Solanum lasiopodium Dunal,Geminata,Geminata,,,
Solanum latens A.R.Bean,Leptostemonum,EHS-Australia,,,
Solanum latiflorum Bohs,Cyphomandra,Pachyphylla,,,
Solanum laurifrons Bitter,Geminata,Geminata,,,
Solanum laxissimum Bitter,Potato,Petota,,,
Solanum laxum Spreng. [3],Dulcamaroid,South American,,,
Solanum leiophyllum Benth.,Dulcamaroid,Nitidum,,,
Solanum leontopodium Sendtn.,Brevantherum,Brevantherum s.s.,,,
Solanum leopoldensis Symon,Leptostemonum,EHS-Australia,,,
Solanum lepidotum Dunal,Brevantherum,Brevantherum s.s.,,,
Solanum leptacanthum Merr. & L.M.Perry,Leptostemonum,EHS-Tropical Asia,,,
Solanum leptocaulon Van Heurck & MÙll.Arg.,Morelloid,Section Solanum,,,
Solanum leptopodum Van Heurck & MÙll.Arg.,Geminata,Geminata,,,
Solanum leptorhachis Bitter,Geminata,Geminata,,,
Solanum leptostachys Dunal,Leptostemonum,Androceras-Crinitum,,,
Solanum leratii Schltr.,Leptostemonum,EHS-Irenosolanum,,,
Solanum lesteri Hawkes & Hjert.,Potato,Petota,,,
Solanum leucandrum Whalen,Leptostemonum,Androceras-Crinitum,,,
Solanum leucocarpon Dunal,Geminata,Geminata,,,
Solanum leucodendron Sendtn.,Brevantherum,Brevantherum s.s.,,,
Solanum leucopogon Huber,Leptostemonum,Micracantha,,,
Solanum lhotskyanum Dunal,Leptostemonum,Acanthophora,,,
Solanum lichtensteinii Willd.,Leptostemonum,EHS-Africa,,,
Solanum lidii Sunding,Leptostemonum,EHS,,,
Solanum lignescens Fernald,Brevantherum,Gonatotrichum,,,
Solanum lignicaule Vargas,Potato,Petota,,,
Solanum limbaniense Ochoa,Potato,Petota,,,
Solanum limitare A.R.Bean,Leptostemonum,EHS-Australia,,,
Solanum limoncochaense Tepe,Potato,Herpystichum,,,
Solanum lindenii Rusby,Geminata,Geminata,,,
Solanum linearifolium Geras. ex Symon [3],Archaesolanum,Archaesolanum,,,
Solanum linnaeanum Hepper & P.-M.L. Jaeger,Leptostemonum,EHS-Africa,,,
Solanum lithophilum F.Muell.,Leptostemonum,EHS-Australia,,,
Solanum litoraneum A.E.Gon.,Leptostemonum,EHS-Africa,,,
Solanum lobatum A.R.Bean,Leptostemonum,EHS-Australia,,,
Solanum lobbianum Bitter,Potato,Petota,,,
Solanum longevirgatum Bitter,Geminata,Geminata,,,
Solanum longiconicum Bitter,Potato,Petota,,,
Solanum longifilamentum S?rkinen & P.Gonzàles,Morelloid,Section Solanum,,,
Solanum loxophyllum Bitter,Potato,Herpystichum,,,
Solanum lucani F.Muell.,Leptostemonum,EHS-Australia,,,
Solanum lucens S.Knapp,Geminata,Geminata,,,
Solanum luculentum S.Knapp,Dulcamaroid,Dulcamaroid,,,
Solanum lumholtzianum Bartlett,Leptostemonum,Androceras-Crinitum,,,
Solanum luridifuscescens Bitter,Cyphomandra,Cyphomandropsis,,,
Solanum luteoalbum Pers.,Cyphomandra,Cyphomandropsis,,,
Solanum lycocarpum A.St.-Hil.,Leptostemonum,Androceras-Crinitum,,,
Solanum lycopersicoides Dunal,Potato,Tomato,,,
Solanum lycopersicum L.,Potato,Tomato,,,
Solanum lyratum Thunb.,Dulcamaroid,Dulcamaroid,,,
Solanum lythrocarpum A.R.Bean,Leptostemonum,EHS-Australia,,,
Solanum macbridei Hunz. & Lallana,Dulcamaroid,Nitidum,,,
Solanum macoorai F.M.Bailey,Leptostemonum,EHS-Australia,,,
Solanum macracanthum A.Rich.,Leptostemonum,EHS-Africa,,,
Solanum macrocarpon L.,Leptostemonum,EHS-Africa,,,
Solanum macrothyrsum Dammer,African non-spiny,African non-spiny,,,
Solanum macrotonum Bitter,Morelloid,Section Solanum,,,
Solanum madagascariense Dunal,African non-spiny,African non-spiny,,,
Solanum maestrense Urb.,unplaced,unplaced,,,
Solanum maglia Schltdl.,Potato,Petota,,,
Solanum magnifolium F.Muell.,Leptostemonum,EHS-Australia,,,
Solanum mahoriense,Leptostemonum,EHS-Madagascar,,,
Solanum malacothrix S.Knapp,Geminata,Geminata,,,
Solanum malignum A.R.Bean,Leptostemonum,EHS-Australia,,,
Solanum malindiense Voronts.,Leptostemonum,EHS-Africa,,,
Solanum malletii S.Knapp,Geminata,Geminata,,,
Solanum malmeanum Bitter,Potato,Petota,,,
Solanum mammosum L.,Leptostemonum,Acanthophora,,,
Solanum manabiense S.Stern,Brevantherum,Gonatotrichum,,,
Solanum mapiricum S.Knapp,Geminata,Geminata,,,
Solanum mapiriense Bitter,Mapiriense,Mapiriense,,,
Solanum maranguapense Bitter,Cyphomandra,Cyphomandropsis,,,
Solanum marantifolium Bitter,Geminata,Geminata,,,
Solanum marginatum L.f.,Leptostemonum,EHS-Africa,,,
Solanum mariae S?rkinen & S.Knapp,Potato,Basarthrum,,,
Solanum marmoratum Barboza & S. Knapp,Morelloid,,,,
Solanum martii Sendtn.,Brevantherum,Brevantherum s.s.,,,
Solanum matadori Smith & Downs,Cyphomandra,Cyphomandropsis,,,
Solanum maternum Bohs,Cyphomandra,Pachyphylla,,,
Solanum maturecalvans Bitter,Geminata,Geminata,,,
Solanum mauense Bitter,Leptostemonum,EHS-Africa,,,
Solanum mauritianum Scop.,Brevantherum,Brevantherum s.s.,,,
Solanum medians Bitter,Potato,Petota,,,
Solanum medicagineum A.R.Bean,Leptostemonum,EHS-Australia,,,
Solanum medusae,Leptostemonum,Crinitum-Androceras,,,
Solanum megalochiton Mart.,Brevantherum,Brevantherum s.s.,,,
Solanum megalonyx Sendtn.,Leptostemonum,Erythrotrichum,,,
Solanum megaspermum Agra,Leptostemonum,Erythrotrichum,,,
Solanum melanospermum F.Muell.,Leptostemonum,EHS-Australia,,,
Solanum melastomoides C.H.Wright,Leptostemonum,EHS-Africa,,,
Solanum melissarum Bohs,Cyphomandra,Pachyphylla,,,
Solanum mellobarretoi Agra & Stehmann,Leptostemonum,Androceras-Crinitum,,,
Solanum melongena L.,Leptostemonum,EHS-Tropical Asia,,,
Solanum memaoyanum D.McClelland,Leptostemonum,,,,
Solanum memphiticum J.F.Gmel.,Morelloid,Section Solanum,,,
Solanum mentiens A.R.Bean,Leptostemonum,EHS-Australia,,,
Solanum mesopliarthrum Rojas & Steyerm.,Leptostemonum,Erythrotrichum,,,
Solanum metrobotryon Dunal,Leptostemonum,Torva,,,
Solanum michaelis S?rkinen & S.Knapp,Morelloid,Section Solanum,,,
Solanum microdontum Bitter,Potato,Petota,,,
Solanum microleprodes Bitter,Geminata,Geminata,,,
Solanum microphyllum (Lam.) Dunal,Leptostemonum,Gardneri,,,
Solanum milnei Seem.,Leptostemonum,EHS-Irenosolanum,,,
Solanum minutifoliolum Correll,Potato,Petota,,,
Solanum missimense Symon,Leptostemonum,EHS-New Guinea,,,
Solanum mitchellianum Domin,Leptostemonum,EHS-Australia,,,
Solanum mite Ruiz & Pav.,Potato,Pteroidea,,,
Solanum mitlense Dunal,Leptostemonum,Androceras-Crinitum,,,
Solanum mochiquense Ochoa,Potato,Petota,,,
Solanum moense Britton & Wilson,Leptostemonum,Leptostemonum_unplaced,,,
Solanum monachophyllum Dunal,Leptostemonum,Micracantha,,,
Solanum monadelphum Van Heurck & MÙll.Arg.,Geminata,Geminata,,,
Solanum monanthemon S.Knapp,Geminata,Geminata,,,
Solanum monarchostemon S.Knapp,Thelopodium,Thelopodium,,,
Solanum montanum L.,Potato,Regmandra,,,
Solanum morellifolium Bohs,Cyphomandra,Cyphomandropsis,,,
Solanum morelliforme Bitter & MÙnch,Potato,Petota,,,
Solanum morii S.Knapp,Geminata,Geminata,,,
Solanum morrisonii Domin,Leptostemonum,EHS-Australia,,,
Solanum mortonii Hunz.,Leptostemonum,Elaeagnifolium,,,
Solanum moxosense M.Nee,Leptostemonum,Carolinense,,,
Solanum muenscheri Standl. & Steyerm.,Dulcamaroid,Nitidum,,,
Solanum multifidum Lam.,Potato,Regmandra,,,
Solanum multiflorum Roth,Leptostemonum,EHS-Tropical Asia,,,
Solanum multiglochidiatum Domin,Leptostemonum,EHS-Australia,,,
Solanum multiinterruptum Bitter,Potato,Petota,,,
Solanum multispinum N.E.Br.,Leptostemonum,Multispinum,,,
Solanum multivenosum Symon,Archaesolanum,Archaesolanum,,,
Solanum muricatum Aiton,Potato,Basarthrum,,,
Solanum murinum Sendtn.,Brevantherum,Brevantherum s.s.,,,
Solanum myosotis Dunal,Brevantherum,Brevantherum s.s.,,,
Solanum myoxotrichum Baker,Leptostemonum,EHS-Madagascar,,,
Solanum myriacanthum Dunal,Leptostemonum,Acanthophora,,,
Solanum myrsinoides,African non-spiny,African non-spiny,,,
Solanum narcoticosmum Bitter,Geminata,Geminata,,,
Solanum naucinum S.Knapp,Geminata,Geminata,,,
Solanum nava Webb & Berthel.,Normania,Normania,,,
Solanum neei Chiarini & L.A.Mentz,Leptostemonum,Acanthophora,,,
Solanum nelsonii Dunal,Leptostemonum,EHS-Irenosolanum,,,
Solanum nematopus Sendtn.,Leptostemonum,Thomasiifolium ,,,
Solanum nematorhachis S.Knapp,Geminata,Geminata,,,
Solanum nemophilum F.Muell.,Leptostemonum,EHS-Australia,,,
Solanum nemorense Dunal,Nemorense,Nemorense,,,
Solanum neoanglicum A.R.Bean,Leptostemonum,EHS-Australia,,,
Solanum neocardenasii Hawkes & Hjert.,Potato,Petota,,,
Solanum neorickii D.M.Spooner, G.J.Anderson & R.K.Jansen,Potato,Tomato,,
Solanum neorossii Hawkes & Hjert.,Potato,Petota,,,
Solanum nienkui Merr. & Chun,Leptostemonum,EHS-Tropical Asia,,,
Solanum nigrescens M.Martens & Galeotti,Morelloid,Section Solanum,,,
Solanum nigricans M.Martens & Galeotti,Geminata,Geminata,,,
Solanum nigriviolaceum Bitter,Leptostemonum,EHS-Africa,,,
Solanum nigrum L.,Morelloid,Section Solanum,,,
Solanum nitidibaccatum Bitter,Morelloid,Section Solanum,,,
Solanum nitidum Ruiz & Pav.,Dulcamaroid,Nitidum,,,
Solanum nobile A.R.Bean,Leptostemonum,EHS-Australia,,,
Solanum nolense Symon,Leptostemonum,EHS-New Guinea,,,
Solanum novomexicanum (Bartlett) S.Stern,Leptostemonum,Androceras-Crinitum,,,
Solanum nubicola Ochoa,Potato,Petota,,,
Solanum nudum Dunal,Geminata,Geminata,,,
Solanum nummularium S.Moore,Leptostemonum,EHS-Australia,,,
Solanum nuricum M.Nee,Leptostemonum,Micracantha,,,
Solanum nutans Ruiz & Pav.,Geminata,Geminata,,,
Solanum obliquum Ruiz & Pav. [3],Cyphomandra,Pachyphylla,,,
Solanum oblongifolium Dunal,Geminata,Geminata,,,
Solanum oblongum Ruiz & Pav.,Geminata,Geminata,,,
Solanum obovalifolium BenÕtez,Geminata,Geminata,,,
Solanum occultum Bohs,Cyphomandra,Pachyphylla,,,
Solanum ochranthum Dunal,Potato,Tomato,,,
Solanum ochrophyllum Van Heurck & MÙll.Arg.,Geminata,Geminata,,,
Solanum octonum A.R.Bean,Leptostemonum,EHS-Australia,,,
Solanum odoriferum Vell.,Dulcamaroid,South American,,,
Solanum oedipus Symon,Leptostemonum,EHS-Australia,,,
Solanum okadae Hawkes & Hjert.,Potato,Petota,,,
Solanum oldfieldii F.Muell.,Leptostemonum,EHS-Australia,,,
Solanum oligacanthum F.Muell.,Leptostemonum,EHS-Australia,,,
Solanum oligandrum Symon,Leptostemonum,EHS-Australia,,,
Solanum oliveirae Carvalho,Brevantherum,Brevantherum s.s.,,,
Solanum olmosense Ochoa,Potato,Petota,,,
Solanum olympicum Hassl.,Brevantherum,Gonatotrichum,,,
Solanum ombrophilum Pittier ex S.Knapp,Geminata,Geminata,,,
Solanum oocarpum Sendtn.,Leptostemonum,Androceras-Crinitum,,,
Solanum oomsis A.R.Bean,Leptostemonum,EHS-Australia,,,
Solanum opacum A.Braun & C.D.Bouch?,Morelloid,Section Solanum,,,
Solanum oppositifolium Ruiz & Pav.,Geminata,Geminata,,,
Solanum orbiculatum Dunal,Leptostemonum,EHS-Australia,,,
Solanum orbignianum Sendtn.,Dulcamaroid,Dulcamaroid,,,
Solanum orgadophilum A.R.Bean,Leptostemonum,EHS-Australia,,,
Solanum orthacanthum O.E.Schulz,Leptostemonum,Torva,,,
Solanum ortivum A.R.Bean,Leptostemonum,EHS-Australia,,,
Solanum ossicruentum Martine & J.Cantley,Leptostemonum,EHS-Australia,,,
Solanum osteocarpum A.R.Bean,Leptostemonum,EHS-Australia,,,
Solanum ovalifolium Dunal,Leptostemonum,Torva,,,
Solanum ovum-fringillae (Dunal) Bohs,Cyphomandra,Pachyphylla,,,
Solanum oxapampense S.Knapp,Brevantherum,Brevantherum s.s.,,,
Solanum oxycarpum Schiede,Potato,Petota,,,
Solanum oxycoccoides Bitter,Potato,Anarrhichomenum,,,
Solanum oxyphyllum C.V.Morton,Cyphomandra,Pachyphylla,,,
Solanum pabstii L.B.Sm. & Downs,Geminata,Geminata,,,
Solanum pachimatium Dunal,Brevantherum,Brevantherum s.s.,,,
Solanum pachyandrum Bitter,Wendlandii-Allophyllum,Wendlandii-Allophyllum,,,
Solanum pachyneuroides Amshoff,Leptostemonum,Leptostemonum_unplaced,,,
Solanum pachyneurum O.E.Schulz,Leptostemonum,Leptostemonum_unplaced,,,
Solanum pacificum Tepe,Potato,Herpystichum,,,
Solanum palinacanthum Dunal,Leptostemonum,Acanthophora,,,
Solanum palitans C.V.Morton,Morelloid,Radicans group,,,
Solanum pallidifolium A.R.Bean,Leptostemonum,EHS-Australia,,,
Solanum pallidum Rusby,Morelloid,Section Solanum,,,
Solanum palmillae Standl.,Geminata,Geminata,,,
Solanum paludosum Moric.,Leptostemonum,Erythrotrichum,,,
Solanum palustre Schltdl. [3],Potato,Etuberosum,,,
Solanum pampaninii Chiov.,Leptostemonum,EHS-Africa,,,
Solanum pancheri Guillaumin,Leptostemonum,EHS-Irenosolanum,,,
Solanum paniculatum L.,Leptostemonum,Torva,,,
Solanum papaverifolium Symon,Leptostemonum,EHS-Australia,,,
Solanum paposanum Phil.,Potato,Regmandra,,,
Solanum papuanum Symon,Leptostemonum,EHS-New Guinea,,,
Solanum paraibanum Agra,Leptostemonum,Thomasiifolium,,,
Solanum paralum Bohs,Leptostemonum,Pachyphylla,,,
Solanum paranense Dus?n,Brevantherum,Brevantherum s.s.,,,
Solanum parvifolium R.Br.,Leptostemonum,EHS-Australia,,,
Solanum pastillum S.Knapp,Geminata,Geminata,,,
Solanum paucidens Bitter,Morelloid,Section Solanum,,,
Solanum paucissectum Ochoa,Potato,Petota,,,
Solanum pauperum C.H.Wright,Leptostemonum,EHS-Africa,,,
Solanum pectinatum Dunal,Leptostemonum,Lasiocarpa,,,
Solanum pedemontanum M.Nee,Leptostemonum,Micracantha,,,
Solanum pedersenii Cabrera,Leptostemonum,Torva,,,
Solanum peekelii Bitter,Leptostemonum,EHS-Dunaliana,,,
Solanum peikouense,Leptostemonum,Torva,,,
Solanum peikuoense,Leptostemonum,Torva,,,
Solanum pelagicum Bohs,Cyphomandra,Pachyphylla,,,
Solanum pendulum Ruiz & Pav.,Cyphomandra,Pachyphylla,,,
Solanum pennellii Correll,Potato,Tomato,,,
Solanum pentaphyllum Bitter,Potato,Herpystichum,,,
Solanum pentlandii Dunal,Morelloid,Section Solanum,,,
Solanum pereirae Carvalho,Brevantherum,Brevantherum s.s.,,,
Solanum perlongistylum G.J.Anderson, Martine, Prohens & Nuez,Potato,Basarthrum,
Solanum perplexum Small,Leptostemonum,Carolinense,,,
Solanum pertenue Standl. & C.V.Morton,Geminata,Geminata,,,
Solanum peruvianum L.,Potato,Tomato,,,
Solanum petilum A.R.Bean,Leptostemonum,EHS-Australia,,,
Solanum petraeum Symon,Leptostemonum,EHS-Australia,,,
Solanum petrophilum F.Muell.,Leptostemonum,EHS-Australia,,,
Solanum phaseoloides Pol.,Potato,Herpystichum,,,
Solanum phlomoides A.Cunn. ex Benth.,Leptostemonum,EHS-Australia,,,
Solanum phoberum A.R.Bean,Leptostemonum,EHS-Australia,,,
Solanum phoxocarpum Voronts.,Leptostemonum,EHS-Africa,,,
Solanum physalifolium Rusby,Morelloid,Section Solanum,,,
Solanum piceum A.R.Bean,Leptostemonum,EHS-Australia,,,
Solanum pilcomayense Morong,Morelloid,Section Solanum,,,
Solanum pillahuatense Vargas,Potato,Petota,,,
Solanum piluliferum Dunal,Leptostemonum,Asterophorum,,,
Solanum pimpinellifolium,Potato,Tomato,,,
Solanum pinetorum,Cyphomandra,Pachyphylla,,,
Solanum pinnatisectum Dunal,Potato,Petota,,,
Solanum pinnatum Cav.,Potato,Regmandra,,,
Solanum pisinnum A.R.Bean,Leptostemonum,EHS-Australia,,,
Solanum pittosporifolium Hemsl.,Dulcamaroid,Dulcamaroid,,,
Solanum piurae Bitter,Potato,Petota,,,
Solanum placitum C.V.Morton,Brevantherum,Brevantherum s.s.,,,
Solanum platacanthum Dunal,Leptostemonum,EHS,,,
Solanum platense Diekm.,Leptostemonum,Acanthophora,,,
Solanum platycypellon S.Knapp,Geminata,Geminata,,,
Solanum plicatile (S.Moore) Symon,Leptostemonum,EHS-Australia,,,
Solanum plowmanii S.Knapp,Geminata,Geminata,,,
Solanum plumense Fernald,Brevantherum,Brevantherum s.s.,,,
Solanum pluriflorum A.R.Bean,Leptostemonum,EHS-Australia,,,
Solanum pluviale Standl.,Leptostemonum,Torva,,,
Solanum poinsettiifolium Rusby,Leptostemonum,Torva,,,
Solanum poka Dunal,Leptostemonum,Torva,,,
Solanum polhillii Voronts.,Leptostemonum,EHS-Africa,,,
Solanum polyacanthos Lam.,Leptostemonum,Bahamense,,,
Solanum polyadenium Greenm.,Potato,Petota,,,
Solanum polygamum Vahl,Leptostemonum,Leptostemonum_unplaced,,,
Solanum polytrichostylum Bitter,Morelloid,Section Solanum,,,
Solanum polytrichum Moric.,Leptostemonum,Gardneri,,,
Solanum praetermissum Kerr ex Barnett,Leptostemonum,EHS-Tropical Asia,,,
Solanum premnifolium (Miers) Bohs,Cyphomandra,Pachyphylla,,,
Solanum prinophyllum Dunal,Leptostemonum,EHS-Australia,,,
Solanum probolospermum Bitter,Morelloid,Section Solanum,,,
Solanum procumbens Lour.,Leptostemonum,EHS-Tropical Asia,,,
Solanum profusum C.V.Morton,Morelloid,Section Solanum,,,
Solanum prolatum A.R.Bean,Leptostemonum,EHS-Australia,,,
Solanum proteanthum Bohs,Cyphomandra,Pachyphylla,,,
Solanum pruinosum Dunal,Morelloid,Section Solanum,,,
Solanum pseuderanthemoides Schltr.,Leptostemonum,EHS-Irenosolanum,,,
Solanum pseudoamericanum S?rkinen, P.Gonzàles & S.Knapp,Morelloid,section Solanum,,
Solanum pseudoauriculatum Chodat & Hassl.,Leptostemonum,Torva,,,
Solanum pseudocapsicum L.,Geminata,Geminata,,,
Solanum pseudodaphnopsis L.A.Mentz & Stehmann,Geminata,Geminata,,,
Solanum pseudogracile Heiser,Morelloid,Section Solanum,,,
Solanum pseudolulo Heiser,Leptostemonum,Lasiocarpa,,,
Solanum pseudopedunculatum D.McClelland,Leptostemonum,,,,
Solanum pseudoquina A.St.-Hil.,Geminata,Geminata,,,
Solanum pseudosaponaceum Blume,Leptostemonum,Torva,,,
Solanum pseudospinosum C.H.Wright,Morelloid,Section Solanum,,,
Solanum pseudosycophanta Farruggia,Leptostemonum,Androceras-Crinitum,,,
Solanum psilophyllum Stehmann & Giacomin,Geminata,Geminata,,,
Solanum psychotrioides Dunal,Geminata,Geminata,,,
Solanum pubescens Willd. [4],Leptostemonum,EHS-Tropical Asia,,,
Solanum pubigerum Dunal,Dulcamaroid,South American,,,
Solanum pugiunculiferum C.T.White,Leptostemonum,EHS-Australia,,,
Solanum pulverulentifolium K.E.Roe,Brevantherum,Brevantherum s.s.,,,
Solanum pumilum Dunal,Leptostemonum,Carolinense,,,
Solanum punctulatum Dunal,Brevantherum,Brevantherum s.s.,,,
Solanum pungetium R.Br.,Leptostemonum,EHS-Australia,,,
Solanum pusillum A.R.Bean,Leptostemonum,EHS-Australia,,,
Solanum putii Kerr ex Barnett,Leptostemonum,EHS-Tropical Asia,,,
Solanum pycnanthemum Mart.,Leptostemonum,Erythrotrichum,,,
Solanum pycnotrichum A.R.Bean,Leptostemonum,EHS-Australia,,,
Solanum pygmaeum Cav.,Morelloid,Section Solanum,,,
Solanum pyracanthos Lam.,Leptostemonum,EHS-Madagascar,,,
Solanum pyrifolium Lam.,Dulcamaroid,South American,,,
Solanum quadriloculatum F.Muell.,Leptostemonum,EHS-Australia,,,
Solanum quaesitum C.V.Morton,Leptostemonum,Androceras-Crinitum,,,
Solanum quebradense S.Knapp,Geminata,Geminata,,,
Solanum quitoense Lam.,Leptostemonum,Lasiocarpa,,,
Solanum radicans L.f.,Morelloid,Radicans group,,,
Solanum ramonense C.V.Morton & Standl.,Geminata,Geminata,,,
Solanum ramulosum Sendtn.,Brevantherum,Brevantherum s.s.,,,
Solanum raphanifolium Càrdenas & Hawkes,Potato,Petota,,,
Solanum raquialatum Ochoa,Potato,Petota,,,
Solanum ratale D.McClelland,Leptostemonum,,,,
Solanum reclusum A.R.Bean,Leptostemonum,EHS-Australia,,,
Solanum reductum C.V.Morton,Geminata,Reductum,,,
Solanum reflexiflorum Moric. ex Dunal,Leptostemonum,Erythrotrichum,,,
Solanum refractifolium Sendtn.,Brevantherum,Brevantherum s.s.,,,
Solanum refractum Hook. & Arn.,Wendlandii-Allophyllum,Wendlandii-Allophyllum,,,
Solanum reineckii Briq.,Leptostemonum,Sisymbriifolium ,,,
Solanum reitzii L.B.Sm. & Downs,Geminata,Geminata,,,
Solanum remyanum Phil.,Potato,Regmandra,,,
Solanum repandum G.Forst.,Leptostemonum,Lasiocarpa,,,
Solanum reptans Bunbury,Nemorense,Nemorense,,,
Solanum restingae S.Knapp,Geminata,Geminata,,,
Solanum retroflexum Dunal,Morelloid,Section Solanum,,,
Solanum retrorsum Elmer,Leptostemonum,EHS-Tropical Asia,,,
Solanum rhaphiotes A.R.Bean,Leptostemonum,EHS-Australia,,,
Solanum rhizomatum S?rkinen & M.Nee,Morelloid,Section Solanum,,,
Solanum rhomboideilanceolatum Ochoa,Potato,Petota,,,
Solanum rhytidoandrum Sendtn.,Leptostemonum,Erythrotrichum,,,
Solanum richardii Dunal [3],Leptostemonum,EHS-Africa,,,
Solanum rigidum Lam.,Leptostemonum,EHS-Africa,,,
Solanum riojense Bitter,Morelloid,Episarcophyllum,,,
Solanum riparium Pers.,Brevantherum,Brevantherum s.s.,,,
Solanum ripense Dunal,Geminata,Geminata,,,
Solanum rivicola Symon,Leptostemonum,EHS-New Guinea,,,
Solanum rixosum A.R.Bean,Leptostemonum,EHS-Australia,,,
Solanum robinsonii Bonati,Leptostemonum,EHS-Tropical Asia,,,
Solanum roblense Bitter,Geminata,Geminata,,,
Solanum robustifrons Bitter,Geminata,Geminata,,,
Solanum robustum H.L.Wendl.,Leptostemonum,Erythrotrichum,,,
Solanum rojasianum (Standl. & Steyerm.) Bohs,Cyphomandra,Pachyphylla,,,
Solanum roseum Bohs,Cyphomandra,Pachyphylla,,,
Solanum rostratum Dunal,Leptostemonum,Androceras-Crinitum,,,
Solanum rovirosanum Donn.Sm.,Geminata,Geminata,,,
Solanum rubetorum Dunal,Leptostemonum,EHS-Africa,,,
Solanum rubicaule S.Stern,Leptostemonum,Torva,,,
Solanum rubiginosum Vahl,Leptostemonum,Erythrotrichum,,,
Solanum rudepannum Dunal,Leptostemonum,Torva,,,
Solanum rufescens Sendtn.,Brevantherum,Brevantherum s.s.,,,
Solanum rugosum Dunal,Brevantherum,Brevantherum s.s.,,,
Solanum ruizii S.Knapp,Dulcamaroid,Nitidum,,,
Solanum runsoriense C.H.Wright,African non-spiny,African non-spiny,,,
Solanum rupincola Sendtn.,Leptostemonum,Thomasiifolium,,,
Solanum ruvu Voronts.,Leptostemonum,EHS-Africa,,,
Solanum sagittantherum Granados-Tochoy & C.I.Orozco,Geminata,Geminata,,,
Solanum salamancae Hunz. & Barboza,Morelloid,Section Solanum,,,
Solanum salasianum Ochoa,Potato,Petota,,,
Solanum salicifolium Phil.,Morelloid,Section Solanum,,,
Solanum saltiense S.Moore,Brevantherum,Brevantherum s.s.,,,
Solanum sambiranense D'Arcy & Rakot.,African non-spiny,African non-spiny,,,
Solanum sambuciflorum Sendtn.,Brevantherum,Brevantherum s.s.,,,
Solanum sanchez-vegae S.Knapp,Dulcamaroid,Dulcamaroid,,,
Solanum sanctae-catharinae,,,,,
Solanum sanctaecatharinae Dunal,Brevantherum,Brevantherum s.s.,,,
Solanum sanctae-marthae,,,,,
Solanum sanctaemarthae Bitter,Potato,Basarthrum,,,
Solanum sandwicense Hook. & Arn.,Leptostemonum,EHS-Irenosolanum,,,
Solanum santosii S.Knapp,Geminata,Geminata,,,
Solanum saponaceum Dunal,Leptostemonum,Torva,,,
Solanum sarrachoides Sendtn.,Morelloid,Section Solanum,,,
Solanum saruwagedensis Symon,Leptostemonum,EHS-New Guinea,,,
Solanum saturatum M.Nee,Leptostemonum,Torva,,,
Solanum savanillense Bitter,Potato,Pteroidea,,,
Solanum savannarum Ribeiro-Silva & Proena,Leptostemonum,Acanthophora,,,
Solanum scabrifolium Ochoa,Potato,Petota,,,
Solanum scabrum Mill. [4],Morelloid,Section Solanum,,,
Solanum schefferi F.Muell.,Leptostemonum,EHS-New Guinea,,,
Solanum schenckii Bitter,Potato,Petota,,,
Solanum schimperianum Hochst. ex A.Rich.,Leptostemonum,EHS-Africa,,,
Solanum schizandrum Sendtn.,Leptostemonum,Thomasiifolium,,,
Solanum schlechtendalianum Walp.,Brevantherum,Brevantherum s.s.,,,
Solanum schliebenii Werderm.,Leptostemonum,EHS-Africa,,,
Solanum schomburghii Sendtn.,Leptostemonum,Gardneri,,,
Solanum schuechii Sendtn.,Leptostemonum,Thomasiifolium,,,
Solanum schulzianum Urb.,Leptostemonum,Leptostemonum_unplaced,,,
Solanum schumannianum Dammer,Leptostemonum,EHS-Africa,,,
Solanum schwackei Glaz.,Brevantherum,Brevantherum s.s.,,,
Solanum sciadostylis (Sendtn.) Bohs,Cyphomandra,Pachyphylla,,,
Solanum scolophyllum A.R.Bean,Leptostemonum,EHS-Australia,,,
Solanum scuticum M.Nee,Leptostemonum,Torva,,,
Solanum seaforthianum Andrews,Dulcamaroid,South American,,,
Solanum sejunctum Brennan, Martine & Symon,Leptostemonum,EHS-Australia,,
Solanum selachophyllum Bitter,Brevantherum,Brevantherum s.s.,,,
Solanum selleanum Urb. & Ekman,Leptostemonum,Leptostemonum_unplaced,,,
Solanum sellovianum Sendtn.,Brevantherum,Brevantherum s.s.,,,
Solanum sellowii Dunal,Brevantherum,Brevantherum s.s.,,,
Solanum semiarmatum F.Muell.,Leptostemonum,EHS-Australia,,,
Solanum semisucculentum D.McClelland,Leptostemonum,,,,
Solanum semotum M.Nee,Brevantherum,Brevantherum s.s.,,,
Solanum sendtnerianum Van Heurck & MÙll.Arg.,Leptostemonum,Androceras-Crinitum,,,
Solanum senticosum A.R.Bean,Leptostemonum,EHS-Australia,,,
Solanum septemlobum Bunge,Dulcamaroid,Dulcamaroid,,,
Solanum sericeum Ruiz & Pav.,Potato,Basarthrum,,,
Solanum serpens A.R.Bean,Leptostemonum,EHS-Australia,,,
Solanum sessile Ruiz & Pav.,Geminata,Geminata,,,
Solanum sessiliantherum Gouva & Stehmann,Leptostemonum,Asterophorum,,,
Solanum sessiliflorum Dunal,Leptostemonum,Lasiocarpa,,,
Solanum setaceum Dammer,Leptostemonum,EHS-Africa,,,
Solanum setigeroides (Whalen) S.Stern,Leptostemonum,Androceras-Crinitum,,,
Solanum setosissimum L.A.Mentz & M.Nee,Leptostemonum,Acanthophora,,,
Solanum shirleyanum Domin,Leptostemonum,EHS-Australia,,,
Solanum sibundoyense (Bohs) Bohs,Cyphomandra,Pachyphylla,,,
Solanum sieberi Van Heurck & MÙll.Arg.,Geminata,Geminata,,,
Solanum silvestre A.R.Bean,Leptostemonum,EHS-Australia,,,
Solanum simile F.Muell.,Archaesolanum,Archaesolanum,,,
Solanum simplicissimum Ochoa,Potato,Petota,,,
Solanum sinuatiexcisum Bitter,Morelloid,Section Solanum,,,
Solanum sinuatirecurvum Bitter,Morelloid,Episarcophyllum,,,
Solanum siphonobasis Bitter,Potato,Anarrhichomenum,,,
Solanum sisymbriifolium Lam.,Leptostemonum,Sisymbriifolium,,,
Solanum sitiens I.M.Johnst.,Potato,Tomato,,,
Solanum skutchii Correll,Potato,Basarthrum,,,
Solanum smithii S.Knapp,Geminata,Geminata,,,
Solanum sodiroi Bitter,Potato,Anarrhichomenum,,,
Solanum sodomeodes Kuntze,Leptostemonum,EHS-Africa,,,
Solanum sogarandinum Ochoa,Potato,Petota,,,
Solanum solum J.F.Macbr.,Brevantherum,Brevantherum s.s.,,,
Solanum somalense Franch.,Leptostemonum,EHS-Africa,,,
Solanum sooretamum Carvalho,Brevantherum,Brevantherum s.s.,,,
Solanum sotobosquense Bohs,Geminata,Geminata,,,
Solanum sousae S.Knapp,Dulcamaroid,Dulcamaroid,,,
Solanum spirale Roxb.,Geminata,Geminata,,,
Solanum spissifolium Sendtn.,Geminata,Geminata,,,
Solanum splendens (Dunal) Bohs,Cyphomandra,Pachyphylla,,,
Solanum sporadotrichum F.Muell.,Leptostemonum,EHS-Australia,,,
Solanum stagnale Moric.,Leptostemonum,Erythrotrichum,,,
Solanum stellatiglandulosum Bitter,Leptostemonum,Torva,,,
Solanum stellativelutinum Bitter,Leptostemonum,Torva,,,
Solanum stelligerum Sm.,Leptostemonum,EHS-Australia,,,
Solanum stenandrum Sendtn.,Leptostemonum,Gardneri,,,
Solanum stenophyllidium Bitter,Potato,Petota,,,
Solanum stenophyllum Dunal,Dulcamaroid,Nitidum,,,
Solanum stenopterum A.R.Bean,Leptostemonum,EHS-Australia,,,
Solanum steyermarkii Carvalho,Brevantherum,Brevantherum s.s.,,,
Solanum stipitatostellatum Dammer,Leptostemonum,EHS-Africa,,,
Solanum stipulaceum Willd.,Brevantherum,Brevantherum s.s.,,,
Solanum stipulatum Vell.,Geminata,Geminata,,,
Solanum stipuloideum Rusby,Potato,Petota,,,
Solanum stoloniferum Schltdl.,Potato,Petota,,,
Solanum storkii C.V.Morton & Standl.,Dulcamaroid,Nitidum,,,
Solanum stramoniifolium Jacq. [5],Leptostemonum,Lasiocarpa,,,
Solanum stuckertii Bitter,Cyphomandra,Cyphomandropsis,,,
Solanum stupefactum Symon,Leptostemonum,EHS-Australia,,,
Solanum sturtianum F.Muell.,Leptostemonum,EHS-Australia,,,
Solanum suaveolens Kunth & C.D.Bouch?,Potato,Basarthrum,,,
Solanum subinerme Jacq.,Leptostemonum,Torva,,,
Solanum sublentum Hiern,Leptostemonum,Erythrotrichum,,,
Solanum subserratum Dunal,Leptostemonum,Erythrotrichum,,,
Solanum subsylvestre L.B.Sm. & Downs,Brevantherum,Brevantherum s.s.,,,
Solanum subtusviolaceum Bitter,Morelloid,Section Solanum,,,
Solanum subumbellatum Vell.,Leptostemonum,Torva,,,
Solanum subvelutinum Rydb.,Potato,Anarrhichomenum,,,
Solanum succosum A.R.Bean & Albr.,Leptostemonum,EHS-Australia,,,
Solanum sulphureum A.R.Bean,Leptostemonum,EHS-Australia,,,
Solanum sumacaspi S.Knapp,Geminata,Geminata,,,
Solanum superbum S.Knapp,Geminata,Geminata,,,
Solanum supinum Dunal,Leptostemonum,EHS-Africa,,,
Solanum swartzianum Roem. & Schult.,Brevantherum,Brevantherum s.s.,,,
Solanum sycocarpum Mart. & Sendtn.,Cyphomandra,Pachyphylla,,,
Solanum sycophanta Dunal,Leptostemonum,Androceras-Crinitum,,,
Solanum symmetricum Rusby,Geminata,Geminata,,,
Solanum symonii H.Eichler,Archaesolanum,Archaesolanum,,,
Solanum tabanoense Correll,Potato,Basarthrum,,,
Solanum tacanense Lundell,Potato,Basarthrum,,,
Solanum taeniotrichum Correll,Potato,Basarthrum,,,
Solanum taitense Vatke,Leptostemonum,EHS-Africa,,,
Solanum talarense Svenson,Leptostemonum,Gardneri,,,
Solanum tampicense Dunal,Leptostemonum,Micracantha,,,
Solanum tanysepalum S.Knapp,Geminata,Geminata,,,
Solanum tarderemotum Bitter,Morelloid,Section Solanum,,,
Solanum tarnii Hawkes & Hjert.,Potato,Petota,,,
Solanum tegore Aubl.,Cyphomandra,Pachyphylla,,,
Solanum tenuiflagellatum S.Knapp,Geminata,Geminata,,,
Solanum tenuipes Bartlett,Leptostemonum,Androceras-Crinitum,,,
Solanum tenuisetosum (Bitter) Bohs,Cyphomandra,Pachyphylla,,,
Solanum tenuispinum Rusby,Leptostemonum,Acanthophora,,,
Solanum tenuissimum Sendtn.,Leptostemonum,Acanthophora,,,
Solanum tepuiense S.Knapp,Geminata,Geminata,,,
Solanum tergosericeum Ochoa,Potato,Basarthrum,,,
Solanum terminale Forssk.,African non-spiny,African non-spiny,,,
Solanum ternatum Ruiz & Pav.,Potato,Pteroidea,,,
Solanum terraneum Symon,Leptostemonum,EHS-Australia,,,
Solanum tetramerum Dunal,Leptostemonum,Gardneri,,,
Solanum tetrandrum R.Br.,Leptostemonum,EHS-New Guinea,,,
Solanum tetrathecum F.Muell.,Leptostemonum,EHS-Australia,,,
Solanum tetricum Dunal,Leptostemonum,Synonym of S. asterophorum,,,
Solanum tettense Klotzsch,Leptostemonum,EHS-Africa,,,
Solanum thelopodium Sendtn.,Thelopodium,Thelopodium,,,
Solanum thomasiifolium Sendtn.,Leptostemonum,Thomasiifolium,,,
Solanum thomsonii C.H.Wright,Leptostemonum,EHS-Africa,,,
Solanum tiinae Barboza & S. Knapp,Morelloid,,,,
Solanum tobagense (Sandwith) Bohs,Cyphomandra,Pachyphylla,,,
Solanum toldense Mates. & Barboza,Leptostemonum,Torva,,,
Solanum toliaraea D'Arcy & Rakot.,Leptostemonum,EHS-Madagascar,,,
Solanum tomentosum L. [3],Leptostemonum,EHS-Africa,,,
Solanum torreanum A.E.Gon.,Leptostemonum,EHS-Africa,,,
Solanum torricellense Bitter,Leptostemonum,EHS-Dunaliana,,,
Solanum torvoideum Merr. & L.M.Perry,Leptostemonum,Torva,,,
Solanum torvum Sw. [3],Leptostemonum,Torva,,,
Solanum tovarii S.Knapp,Geminata,Geminata,,,
Solanum trachycarpum Bitter & Sodiro,Potato,Basarthrum,,,
Solanum trachycyphum Bitter,Brevantherum,Brevantherum s.s.,,,
Solanum trachytrichium Bitter,Brevantherum,Brevantherum s.s.,,,
Solanum tribulosum Schauer,Leptostemonum,Androceras-Crinitum,,,
Solanum trichoneuron Lillo,Geminata,Geminata,,,
Solanum trichopetiolatum,African non-spiny,African non-spiny,,,
Solanum trichostylum Merr. & L.M.Perry,Leptostemonum,EHS-New Guinea,,,
Solanum tricuspidatum Dunal,Leptostemonum,Androceras-Crinitum,,,
Solanum trifidum Correll,Potato,Petota,,,
Solanum triflorum Nutt.,Morelloid,Morelloid,,,
Solanum trifolium Dunal,Potato,Herpystichum,,,
Solanum trilobatum L.,Leptostemonum,EHS-Tropical Asia,,,
Solanum trinitense Ochoa,Potato,Petota,,,
Solanum trinominum J.R.Benn.,Potato,Regmandra,,,
Solanum tripartitum Dunal,Morelloid,Radicans group,,,
Solanum triplinervium C.V.Morton,Geminata,Geminata,,,
Solanum triquetrum Cav.,Dulcamaroid,South American,,,
Solanum trisectum Dunal,Normania,Normania,,,
Solanum triste Jacq.,Geminata,Geminata,,,
Solanum triunfense S.Knapp,Wendlandii-Allophyllum,Wendlandii-Allophyllum,,,
Solanum trizygum Bitter,Potato,Pteroidea,,,
Solanum troyanum Urb.,Geminata,Geminata,,,
Solanum truncatum Standl. & C.V.Morton,Leptostemonum,Torva,,,
Solanum truncicola Bitter,African non-spiny,African non-spiny,,,
Solanum tuberosum L.,Potato,Petota,,,
Solanum tudununggae Symon,Leptostemonum,EHS-Australia,,,
Solanum tuerckheimii Greenm.,Geminata,Geminata,,,
Solanum tumulicola Symon,Leptostemonum,EHS-Australia,,,
Solanum tunariense Kuntze,Geminata,Geminata,,,
Solanum turgidum S.Knapp,Geminata,Geminata,,,
Solanum turneroides Chodat,Brevantherum,Gonatotrichum,,,
Solanum tweedieanum Hook.,Morelloid,Section Solanum,,,
Solanum uleanum Bitter,Potato,Pteroidea,,,
Solanum ultimum A.R.Bean,Leptostemonum,EHS-Australia,,,
Solanum ultraspinosum A.R.Bean,Leptostemonum,EHS-Australia,,,
Solanum umalilaense Manoko,Morelloid,Section Solanum,,,
Solanum umbellatum Mill. [3],Brevantherum,Brevantherum s.s.,,,
Solanum umbelliferum Eschsch.,Dulcamaroid,Dulcamaroid,,,
Solanum umbratile J.R.Johnst.,Brevantherum,Brevantherum s.s.,,,
Solanum umtuma Voronts. & S.Knapp,Leptostemonum,EHS-Africa,,,
Solanum uncinellum Lindl.,Dulcamaroid,South American,,,
Solanum unifoliatum S.Knapp,Geminata,Geminata,,,
Solanum unilobum (Rusby) Bohs,Cyphomandra,Pachyphylla,,,
Solanum unispinum A.R.Bean,Leptostemonum,EHS-Australia,,,
Solanum urens Dunal,Leptostemonum,Leptostemonum_unplaced,,,
Solanum ursinum Rusby,Leptostemonum,Torva,,,
Solanum urticans Dunal,Leptostemonum,Androceras-Crinitum,,,
Solanum urubambaense Agra,Leptostemonum,Erythrotrichum,,,
Solanum usambarense Bitter & Dammer,Leptostemonum,EHS-Africa,,,
Solanum usaramense Dammer,Leptostemonum,EHS-Africa,,,
Solanum vacciniiflorum Standl. & L.O.Williams,Geminata,Geminata,,,
Solanum vaccinioides Schltr.,Leptostemonum,EHS-Irenosolanum,,,
Solanum vaillantii Dunal,Leptostemonum,Acanthophora,,,
Solanum valdiviense Dunal,Valdiviense,Valdiviense,,,
Solanum valerianum C.V.Morton & Standl.,Geminata,Geminata,,,
Solanum validinervium BenÕtez & S.Knapp,Geminata,Geminata,,,
Solanum vansittartense C.A.Gardner,Leptostemonum,EHS-Australia,,,
Solanum vanuatuense  D.McClelland,Leptostemonum,,,,
Solanum variabile Mart.,Leptostemonum,Torva,,,
Solanum velardei Ochoa,Potato,Petota,,,
Solanum velleum Thunb.,Leptostemonum,Erythrotrichum,,,
Solanum vellozianum Dunal,Brevantherum,Brevantherum s.s.,,,
Solanum velutinum Dunal,Leptostemonum,Erythrotrichum,,,
Solanum velutissimum Rusby,Brevantherum,Brevantherum s.s.,,,
Solanum venosum Dunal,Geminata,Geminata,,,
Solanum venturii Hawkes & Hjert.,Potato,Petota,,,
Solanum verecundum M.Nee,Brevantherum,Brevantherum s.s.,,,
Solanum vernei Bitter & Wittm.,Potato,Petota,,,
Solanum verrucosum Schltdl.,Potato,Petota,,,
Solanum versicolor A.R.Bean,Leptostemonum,EHS-Australia,,,
Solanum verticillatum S.Knapp & Stehmann,Geminata,Geminata,,,
Solanum vescum F.Muell.,Archaesolanum,Archaesolanum,,,
Solanum vespertilio Aiton,Leptostemonum,EHS,,,
Solanum vestissimum Dunal,Leptostemonum,Lasiocarpa,,,
Solanum viarum Dunal,Leptostemonum,Acanthophora,,,
Solanum vicinum A.R.Bean,Leptostemonum,EHS-Australia,,,
Solanum villosum Mill. [6],Morelloid,Section Solanum,,,
Solanum violaceimarmoratum Bitter,Potato,Petota,,,
Solanum violaceum Ortega [4],Leptostemonum,EHS-Tropical Asia,,,
Solanum virginianum L.,Leptostemonum,EHS-Tropical Asia,,,
Solanum viride Spreng. [4],Leptostemonum,EHS-Irenosolanum,,,
Solanum viridifolium Dunal,Leptostemonum,EHS-Dunaliana,,,
Solanum viscosissimum Sendtn.,Dulcamaroid,South American,,,
Solanum volubile Sw. [3],Leptostemonum,Micracantha,,,
Solanum wackettii Witasek,Leptostemonum,Torva,,,
Solanum Waemulans Bitter & Wittm.,Potato,Petota,,,
Solanum wallacei (A.Gray) Parish,Dulcamaroid,Dulcamaroid,,,
Solanum warmingii Hiern,Geminata,Geminata,,,
Solanum watneyi Martine & Frawley,Leptostemonum,EHS-Australia,,,
Solanum Wblanco-galdosii Ochoa,Potato,Petota,,,
Solanum Wbrucheri Correll,Potato,Petota,,,
Solanum Wdoddsii Correll,Potato,Petota,,,
Solanum weddellii Phil.,Morelloid,Chamaesarachidium,,,
Solanum Wedinense Berthault,Potato,Petota,,,
Solanum wendlandii Hook.f.,Wendlandii-Allophyllum,Wendlandii-Allophyllum,,,
Solanum whalenii M.Nee,Leptostemonum,Torva,,,
Solanum wightii Nees,Leptostemonum,EHS-Tropical Asia,,,
Solanum wilkinsii S.Moore,Leptostemonum,EHS-Australia,,,
Solanum wittei Robyns,Leptostemonum,EHS-Africa,,,
Solanum wittmackii Bitter,Potato,Petota,,,
Solanum Wneoweberbaueri Wittm.,Potato,Petota,,,
Solanum woodburyi Howard,Leptostemonum,Crotonoides,,,
Solanum woodii S?rkinen & S.Knapp,Morelloid,Section Solanum,,,
Solanum woodsonii Correll,Potato,Petota,,,
Solanum Wprocurrens A.C.Leslie,Morelloid,Section Solanum,,,
Solanum Wrechei Hawkes & Hjert.,Potato,Petota,,,
Solanum wrightii Benth.,Leptostemonum,Androceras-Crinitum,,,
Solanum Wsambucinum Rydb.,Potato,Petota,,,
Solanum Wvallis-mexici Juz.,Potato,Petota,,,
Solanum xanthophaeum Bitter,Geminata,Geminata,,,
Solanum yanamonense S.Knapp,Geminata,Geminata,,,
Solanum youngii S.Knapp,Geminata,Geminata,,,
Solanum zanzibarense Vatke,Leptostemonum,EHS-Africa,,,
Solanum zoeae R.L.Barrett,Leptostemonum,EHS-Australia,,,
Solanum zuloagae Cabrera,Morelloid,Section Solanum,,,
Solanum zumbense Bohs,Cyphomandra,Pachyphylla,,,
